-- phpMyAdmin SQL Dump
-- version 5.0.2
-- https://www.phpmyadmin.net/
--
-- Servidor: localhost
-- Tiempo de generación: 28-09-2020 a las 18:28:00
-- Versión del servidor: 10.4.14-MariaDB
-- Versión de PHP: 7.4.10

SET SQL_MODE = "NO_AUTO_VALUE_ON_ZERO";
START TRANSACTION;
SET time_zone = "+00:00";


/*!40101 SET @OLD_CHARACTER_SET_CLIENT=@@CHARACTER_SET_CLIENT */;
/*!40101 SET @OLD_CHARACTER_SET_RESULTS=@@CHARACTER_SET_RESULTS */;
/*!40101 SET @OLD_COLLATION_CONNECTION=@@COLLATION_CONNECTION */;
/*!40101 SET NAMES utf8mb4 */;

--
-- Base de datos: `tiendadb`
--

-- --------------------------------------------------------

--
-- Estructura de tabla para la tabla `carrusel`
--

CREATE TABLE `carrusel` (
  `idCarrusel` int(11) NOT NULL,
  `ruta` varchar(45) NOT NULL
) ENGINE=InnoDB DEFAULT CHARSET=utf8;

-- --------------------------------------------------------

--
-- Estructura de tabla para la tabla `categoria`
--

CREATE TABLE `categoria` (
  `idCategoria` int(11) NOT NULL,
  `descripcion` varchar(45) NOT NULL
) ENGINE=InnoDB DEFAULT CHARSET=utf8;

--
-- Volcado de datos para la tabla `categoria`
--

INSERT INTO `categoria` (`idCategoria`, `descripcion`) VALUES
(1, 'Vacuna'),
(2, 'Alimento'),
(3, 'Acesorios'),
(4, 'Otro'),
(10, 'Medicamento');

-- --------------------------------------------------------

--
-- Estructura de tabla para la tabla `cita`
--

CREATE TABLE `cita` (
  `idCita` int(11) NOT NULL,
  `servicio` int(11) NOT NULL,
  `fechaCita` date NOT NULL,
  `HoraCita` time NOT NULL,
  `observaciones` varchar(45) NOT NULL,
  `idEstado` int(11) NOT NULL,
  `precio` int(11) DEFAULT NULL,
  `idDetalleMascotaCliente` int(11) NOT NULL
) ENGINE=InnoDB DEFAULT CHARSET=utf8;

-- --------------------------------------------------------

--
-- Estructura de tabla para la tabla `ci_sessions`
--

CREATE TABLE `ci_sessions` (
  `id` varchar(128) NOT NULL,
  `ip_address` varchar(45) NOT NULL,
  `timestamp` int(10) UNSIGNED NOT NULL DEFAULT 0,
  `data` blob NOT NULL
) ENGINE=InnoDB DEFAULT CHARSET=utf8;

--
-- Volcado de datos para la tabla `ci_sessions`
--

INSERT INTO `ci_sessions` (`id`, `ip_address`, `timestamp`, `data`) VALUES
('7j8tba22fqdmk0igablb4c5grblv4pqo', '::1', 1597948551, 0x5f5f63695f6c6173745f726567656e65726174657c693a313539373934383535313b),
('jcu0avfp1e5rsaodasptotq4f2hpt78g', '::1', 1597948873, 0x5f5f63695f6c6173745f726567656e65726174657c693a313539373934383837333b),
('g3p1d9c73s5017k2h27n5el9ggjoe8sd', '::1', 1597949283, 0x5f5f63695f6c6173745f726567656e65726174657c693a313539373934393238333b),
('kcf6mvnvdscavr9ne2o82eur1dgsnje1', '::1', 1597954651, 0x5f5f63695f6c6173745f726567656e65726174657c693a313539373935343635313b),
('ov4gtnmu8c9lgbl8383a9qas812shpk0', '::1', 1597955616, 0x5f5f63695f6c6173745f726567656e65726174657c693a313539373935353631363b),
('0dkh9l8jn87eg8kd1bh31fd991318jg4', '::1', 1597956337, 0x5f5f63695f6c6173745f726567656e65726174657c693a313539373935363333373b),
('bptqjn08j71d33gdp0q11sahjtp9lics', '::1', 1597960617, 0x5f5f63695f6c6173745f726567656e65726174657c693a313539373936303631373b),
('6mjdcmp4p6rjvfdmqf9c9u0ttqkvnaii', '::1', 1597960617, 0x5f5f63695f6c6173745f726567656e65726174657c693a313539373936303631373b),
('m8vhjfmlf2927cnkp73b2c5jgf4fo80p', '127.0.0.1', 1597970336, 0x5f5f63695f6c6173745f726567656e65726174657c693a313539373937303333363b),
('p18ma70elku502dbiootln98p4q0ruv6', '127.0.0.1', 1597969485, 0x5f5f63695f6c6173745f726567656e65726174657c693a313539373936393438353b),
('fban9dqupf3h8qvo9sfr80kkt2nm3q5p', '::1', 1597971864, 0x5f5f63695f6c6173745f726567656e65726174657c693a313539373937313836343b),
('81qqvo273npcamr2nk6s4phaseskndht', '::1', 1597973650, 0x5f5f63695f6c6173745f726567656e65726174657c693a313539373937333635303b76616c6f72536573696f6e7c733a353a227065727261223b),
('6qalnquc3ri2g3s0gfdvjlm419qftl1n', '::1', 1597973984, 0x5f5f63695f6c6173745f726567656e65726174657c693a313539373937333938343b76616c6f72536573696f6e7c733a353a227065727261223b),
('as80mihe7pbq7s54ggihrlpnh0vfmomn', '::1', 1597974285, 0x5f5f63695f6c6173745f726567656e65726174657c693a313539373937343238353b76616c6f72536573696f6e7c733a353a227065727261223b),
('gudee08tb3et90fn4nm5np0n35n6cdpl', '::1', 1597974608, 0x5f5f63695f6c6173745f726567656e65726174657c693a313539373937343630383b76616c6f72536573696f6e7c733a353a227065727261223b),
('7s25k4rd27ckj3ebocivp8fkr6u508at', '::1', 1597975221, 0x5f5f63695f6c6173745f726567656e65726174657c693a313539373937353232313b76616c6f72536573696f6e7c733a353a227065727261223b),
('frnbn90js03oanfeurutcba535oobt19', '::1', 1597975534, 0x5f5f63695f6c6173745f726567656e65726174657c693a313539373937353533343b76616c6f72536573696f6e7c733a353a227065727261223b),
('4t8iufr7tgpu9s6nj3b6gkh72o0jf8i6', '::1', 1597975726, 0x5f5f63695f6c6173745f726567656e65726174657c693a313539373937353533343b76616c6f72536573696f6e7c733a353a227065727261223b),
('fvdimnub85e355v29flvpq8qkvaesago', '::1', 1597976184, 0x5f5f63695f6c6173745f726567656e65726174657c693a313539373937363134383b76616c6f72536573696f6e7c733a353a227065727261223b),
('20kqq88mi82n5fduc67v3ml66at25dli', '::1', 1597976584, 0x5f5f63695f6c6173745f726567656e65726174657c693a313539373937363538343b76616c6f72536573696f6e7c733a353a227065727261223b),
('rd7drors7bh9lodacolgqel8iuc10hji', '::1', 1597977061, 0x5f5f63695f6c6173745f726567656e65726174657c693a313539373937373036313b76616c6f72536573696f6e7c733a353a227065727261223b),
('5spg872mbp6bsq1aser3fjuktrlp2asg', '::1', 1597977393, 0x5f5f63695f6c6173745f726567656e65726174657c693a313539373937373339333b76616c6f72536573696f6e7c733a353a227065727261223b),
('i11iaedv7j8s9m0sda6jgk60quk9gpu6', '::1', 1597977696, 0x5f5f63695f6c6173745f726567656e65726174657c693a313539373937373639363b76616c6f72536573696f6e7c733a353a227065727261223b),
('1lcvftcd0c4lesmbda5m37195cu0q3a0', '::1', 1597978309, 0x5f5f63695f6c6173745f726567656e65726174657c693a313539373937383330393b76616c6f72536573696f6e7c733a353a227065727261223b),
('v5cdeft075a02fjanppc1fqapvs6s8cq', '::1', 1597979541, 0x5f5f63695f6c6173745f726567656e65726174657c693a313539373937393534313b76616c6f72536573696f6e7c733a353a227065727261223b),
('7sme33hkcmnu36c0jbsqfath9bqfu6lc', '::1', 1597983147, 0x5f5f63695f6c6173745f726567656e65726174657c693a313539373938333134373b76616c6f72536573696f6e7c733a353a227065727261223b),
('hn3i0t8b8m5909cho9kf0kmbskpr98fd', '::1', 1597983174, 0x5f5f63695f6c6173745f726567656e65726174657c693a313539373938333134373b76616c6f72536573696f6e7c733a353a227065727261223b),
('eqjtqagfepejjodgkam9tnik34muc511', '::1', 1598027234, 0x5f5f63695f6c6173745f726567656e65726174657c693a313539383032373233343b76616c6f72536573696f6e7c733a353a227065727261223b6d6573736167657c733a35353a22456c2070726f647563746f20436f6e63656e747261646f207365206861207265676973747261646f20636f7272656374616d656e74652e223b5f5f63695f766172737c613a313a7b733a373a226d657373616765223b733a333a226f6c64223b7d),
('ecmehp2b6a0be3c1p9tjqd83uvg6j5c2', '::1', 1598027536, 0x5f5f63695f6c6173745f726567656e65726174657c693a313539383032373533353b76616c6f72536573696f6e7c733a353a227065727261223b),
('g4j38me0aesou6vp4p2ve5htoo7h34o2', '::1', 1598028121, 0x5f5f63695f6c6173745f726567656e65726174657c693a313539383032383132313b),
('o6qqagmkk44e6d87cl20mb5vhqutn662', '::1', 1598028464, 0x5f5f63695f6c6173745f726567656e65726174657c693a313539383032383436343b),
('cmo3sc966o38ui90rdrtg1oqcd538caq', '::1', 1598028932, 0x5f5f63695f6c6173745f726567656e65726174657c693a313539383032383933323b),
('e98cnidbhbt3o8g5nljp9qa2s4tt57ba', '::1', 1598029286, 0x5f5f63695f6c6173745f726567656e65726174657c693a313539383032393238363b76616c6f72536573696f6e7c733a353a227065727261223b),
('7nkvvjbrtj7jog9tj78g4p0b9uoer00l', '::1', 1598029770, 0x5f5f63695f6c6173745f726567656e65726174657c693a313539383032393737303b),
('3suojcirmlaq06810l1ir479a6uht2bj', '::1', 1598030209, 0x5f5f63695f6c6173745f726567656e65726174657c693a313539383033303230393b76616c6f72536573696f6e7c733a353a227065727261223b),
('h937v8s99111rgrf4hm7nrc39rob7fsr', '::1', 1598030568, 0x5f5f63695f6c6173745f726567656e65726174657c693a313539383033303536383b76616c6f72536573696f6e7c733a353a227065727261223b),
('mc9rfifhuekg4bvigo8lbepk9qqsgetg', '::1', 1598030897, 0x5f5f63695f6c6173745f726567656e65726174657c693a313539383033303839373b76616c6f72536573696f6e7c733a353a227065727261223b),
('v7bnia11r31uk53vmcjc7jdpnd8mh9sl', '::1', 1598031239, 0x5f5f63695f6c6173745f726567656e65726174657c693a313539383033313233393b76616c6f72536573696f6e7c733a353a227065727261223b),
('c0todj9qu6sh6ps94ufmjmdor5daodr6', '::1', 1598031589, 0x5f5f63695f6c6173745f726567656e65726174657c693a313539383033313538393b76616c6f72536573696f6e7c733a353a227065727261223b),
('8vaoa7c6aj27h6v915e3p1s8nh69vbo3', '::1', 1598031910, 0x5f5f63695f6c6173745f726567656e65726174657c693a313539383033313931303b76616c6f72536573696f6e7c733a353a227065727261223b),
('5tkrva6uvqq2df7pln0t0fta8gbduak8', '::1', 1598032243, 0x5f5f63695f6c6173745f726567656e65726174657c693a313539383033323234333b76616c6f72536573696f6e7c733a353a227065727261223b),
('n1kpddpk7r5l1s36d9thhs6v2gud49jr', '::1', 1598032573, 0x5f5f63695f6c6173745f726567656e65726174657c693a313539383033323537333b76616c6f72536573696f6e7c733a353a227065727261223b),
('r2eln3bg47pk5j5sharlaihbkl3h4pgs', '::1', 1598032897, 0x5f5f63695f6c6173745f726567656e65726174657c693a313539383033323839373b76616c6f72536573696f6e7c733a353a227065727261223b),
('5q4pgb8kkjpipfc1g99b97ko1dir2ot9', '::1', 1598035276, 0x5f5f63695f6c6173745f726567656e65726174657c693a313539383033353237363b76616c6f72536573696f6e7c733a353a227065727261223b),
('6ddhm701q6q3keq6v4ftfhko4730eaba', '::1', 1598035589, 0x5f5f63695f6c6173745f726567656e65726174657c693a313539383033353538393b76616c6f72536573696f6e7c733a353a227065727261223b),
('2f12gfvoc58iaaae3tiskh7alk2a6b37', '::1', 1598035896, 0x5f5f63695f6c6173745f726567656e65726174657c693a313539383033353839363b76616c6f72536573696f6e7c733a353a227065727261223b),
('vh7vhls2ck435ih13clvtbtmssihsjo7', '::1', 1598037156, 0x5f5f63695f6c6173745f726567656e65726174657c693a313539383033373135363b76616c6f72536573696f6e7c733a353a227065727261223b),
('16lb06edr0f45o1cb46h5rq5hp8h8i32', '::1', 1598037275, 0x5f5f63695f6c6173745f726567656e65726174657c693a313539383033373135363b76616c6f72536573696f6e7c733a353a227065727261223b),
('bf144454126fc54b89d54fce12a30cd7e2e1b14d', '::1', 1598040598, 0x5f5f63695f6c6173745f726567656e65726174657c693a313539383034303539383b76616c6f72536573696f6e7c733a353a227065727261223b),
('d3e2dc33bfe523ec6e0ec22804a64930da4ddda8', '::1', 1598040921, 0x5f5f63695f6c6173745f726567656e65726174657c693a313539383034303932313b76616c6f72536573696f6e7c733a353a227065727261223b),
('5b834afc5970ff0384adaad472a5fe5ac7f78487', '::1', 1598041030, 0x5f5f63695f6c6173745f726567656e65726174657c693a313539383034303932313b76616c6f72536573696f6e7c733a353a227065727261223b),
('8ec4d17a9e9a8f32b8a4b0b6c89ee951b0d18070', '::1', 1598056473, 0x5f5f63695f6c6173745f726567656e65726174657c693a313539383035363437333b),
('2b8db5e84030f2462b14d8da715eaf100b625d0b', '::1', 1598075323, 0x5f5f63695f6c6173745f726567656e65726174657c693a313539383037353332333b),
('8a0cf28ae878e673606904f0bdc3bdafb3169666', '::1', 1598075630, 0x5f5f63695f6c6173745f726567656e65726174657c693a313539383037353633303b),
('9188c5da805cfe482838ce9eb2e1e847641a8189', '::1', 1598076180, 0x5f5f63695f6c6173745f726567656e65726174657c693a313539383037363138303b),
('8e963966f1a67b3e3a8b66c8bd697a2d79594341', '::1', 1598076529, 0x5f5f63695f6c6173745f726567656e65726174657c693a313539383037363532393b),
('c55c651a7866c4481b512a501991ed3b34259a28', '::1', 1598076859, 0x5f5f63695f6c6173745f726567656e65726174657c693a313539383037363835393b),
('f6714a87e39302bda83dbd321dbdf609613e531b', '::1', 1598077193, 0x5f5f63695f6c6173745f726567656e65726174657c693a313539383037373139333b),
('d05c775a3c1ead338aa102484083e5514c7cc8be', '::1', 1598077520, 0x5f5f63695f6c6173745f726567656e65726174657c693a313539383037373532303b),
('1818288513ccbf18f04fc24aca04a4f3147f2f39', '::1', 1598077856, 0x5f5f63695f6c6173745f726567656e65726174657c693a313539383037373835363b),
('7b569f3d76da31bed207156e98c876076f36ba5b', '::1', 1598077893, 0x5f5f63695f6c6173745f726567656e65726174657c693a313539383037373835363b),
('e198f4fc3bcae0e3975722ff5aeefaea6e620087', '::1', 1598154786, 0x5f5f63695f6c6173745f726567656e65726174657c693a313539383135343738363b),
('7a1424c25128f798223e8b217a90ed2ea3461e69', '::1', 1598155222, 0x5f5f63695f6c6173745f726567656e65726174657c693a313539383135353232323b),
('9501091f652afcfc510514a21b4fe56ad11b14d6', '::1', 1598155525, 0x5f5f63695f6c6173745f726567656e65726174657c693a313539383135353532353b),
('f3c515089b1555a4330416cda21007a512a40742', '::1', 1598156599, 0x5f5f63695f6c6173745f726567656e65726174657c693a313539383135363539393b),
('16b26b9e7705464c0262c22618dc76a3fde99c73', '::1', 1598157018, 0x5f5f63695f6c6173745f726567656e65726174657c693a313539383135373031383b),
('4c34c034d81d8772a105bc4d0c5356ebbc471483', '::1', 1598157416, 0x5f5f63695f6c6173745f726567656e65726174657c693a313539383135373431363b),
('42578ba04588acdc455ab5dd0c690a919e064b0e', '::1', 1598157793, 0x5f5f63695f6c6173745f726567656e65726174657c693a313539383135373739333b),
('7fe5ac4860e38aeb2e4b5e087ec33fe654714dd0', '::1', 1598158123, 0x5f5f63695f6c6173745f726567656e65726174657c693a313539383135383132333b),
('b7b1c33bc47a3a31b3cadd0742987093a92e40a8', '::1', 1598158466, 0x5f5f63695f6c6173745f726567656e65726174657c693a313539383135383436363b),
('669fe1c612a840c47ff6d66478acb909ada8ee88', '::1', 1598158876, 0x5f5f63695f6c6173745f726567656e65726174657c693a313539383135383837363b),
('b134743e7fba67ab01266fa42a56e793f3273907', '::1', 1598159190, 0x5f5f63695f6c6173745f726567656e65726174657c693a313539383135393139303b),
('8e234936811e39272873ea117825011fc2394caf', '::1', 1598159742, 0x5f5f63695f6c6173745f726567656e65726174657c693a313539383135393734323b),
('fb700346e7322176d9af8b2939715002b8a7f151', '::1', 1598160204, 0x5f5f63695f6c6173745f726567656e65726174657c693a313539383136303230343b),
('f3e2d7348bef5271acb4c833c6c5d48a367e5978', '::1', 1598161059, 0x5f5f63695f6c6173745f726567656e65726174657c693a313539383136313035393b),
('887caca12ed6c88b204eb232141388af33171245', '::1', 1598161466, 0x5f5f63695f6c6173745f726567656e65726174657c693a313539383136313436363b),
('1c4557f88a4812e3ba2a50f3bf4b96ef3dc47051', '::1', 1598161925, 0x5f5f63695f6c6173745f726567656e65726174657c693a313539383136313932353b),
('da542a60f1fc409363a2fd382dee387d257090b2', '::1', 1598162879, 0x5f5f63695f6c6173745f726567656e65726174657c693a313539383136323837393b),
('efdd2c1264b12d46eadc70df9a7afbcdccabefd9', '::1', 1598163262, 0x5f5f63695f6c6173745f726567656e65726174657c693a313539383136333236323b),
('2be6fd92111738ebca303daa0dbda191e742d76c', '::1', 1598163505, 0x5f5f63695f6c6173745f726567656e65726174657c693a313539383136333236323b),
('e2f278c588706035e39b648dc44b61d3881c7efb', '::1', 1598205433, 0x5f5f63695f6c6173745f726567656e65726174657c693a313539383230353433333b),
('d14774db3c1fb37e4f5242fd1e088a1f482cb93f', '::1', 1598205775, 0x5f5f63695f6c6173745f726567656e65726174657c693a313539383230353737353b),
('81c7b10781cc4ad83bad18125f77e54da928bc10', '::1', 1598206538, 0x5f5f63695f6c6173745f726567656e65726174657c693a313539383230363533383b),
('004e34649bf57fc4792f6d1bd5efb5103c0da275', '::1', 1598210086, 0x5f5f63695f6c6173745f726567656e65726174657c693a313539383231303038363b),
('7cc90f6005452b908e57e01fbd5d013d00e04254', '::1', 1598210681, 0x5f5f63695f6c6173745f726567656e65726174657c693a313539383231303638313b),
('fc238f80513c8bbb1cedabb12c69e5b22b864f7a', '::1', 1598212634, 0x5f5f63695f6c6173745f726567656e65726174657c693a313539383231323633343b),
('98c284d7325c667116f092f1f9155c4a75fc58c7', '::1', 1598212636, 0x5f5f63695f6c6173745f726567656e65726174657c693a313539383231323633343b),
('6430104210393466a986f7fb18d849c245a687c7', '::1', 1598215158, 0x5f5f63695f6c6173745f726567656e65726174657c693a313539383231353135383b),
('3acaa8f9a28841a90b66ecd01bd74626780b3d8e', '::1', 1598215533, 0x5f5f63695f6c6173745f726567656e65726174657c693a313539383231353533333b),
('fe631997d4e46605ab6998a53df866583418b52c', '::1', 1598219014, 0x5f5f63695f6c6173745f726567656e65726174657c693a313539383231393031343b),
('6d1bc7c58c72a2a5f3ba3a5788da8b4ccd583048', '::1', 1598219384, 0x5f5f63695f6c6173745f726567656e65726174657c693a313539383231393338343b),
('b96699a92fff1b4cb913b24d16a5e640cdfffd05', '::1', 1598219717, 0x5f5f63695f6c6173745f726567656e65726174657c693a313539383231393731373b617c733a34383a22456c207573756172696f2061646d696e207365206861207265676973747261646f20636f7272656374616d656e74652e223b5f5f63695f766172737c613a313a7b733a313a2261223b733a333a226f6c64223b7d),
('a1a74bcb8d6a1800167cd4869df602229cec58a8', '::1', 1598223230, 0x5f5f63695f6c6173745f726567656e65726174657c693a313539383232333233303b6d6573736167657c733a35313a22456c207573756172696f206a6f616e30363237207365206861207265676973747261646f20636f7272656374616d656e74652e223b5f5f63695f766172737c613a313a7b733a373a226d657373616765223b733a333a226f6c64223b7d),
('3106457f50b6c2f580f33f5a75c88cb6abe1f097', '::1', 1598223593, 0x5f5f63695f6c6173745f726567656e65726174657c693a313539383232333539333b),
('806798c160b8176c018ac1a3b1918358ef4893a1', '::1', 1598223929, 0x5f5f63695f6c6173745f726567656e65726174657c693a313539383232333932393b),
('2cc9eb8f3286c5e5972b33d8a4b50c00ebac7a40', '::1', 1598224246, 0x5f5f63695f6c6173745f726567656e65726174657c693a313539383232343234363b),
('2a80a5ea0537d05bd9d20977666fc13581020e68', '::1', 1598224547, 0x5f5f63695f6c6173745f726567656e65726174657c693a313539383232343534373b),
('f3f5a0ea51d8667ab73bbc01154ec7126dbdb3bd', '::1', 1598224951, 0x5f5f63695f6c6173745f726567656e65726174657c693a313539383232343935313b),
('037e6de45671e41234a5d8d26ab1996fb575a6aa', '::1', 1598226245, 0x5f5f63695f6c6173745f726567656e65726174657c693a313539383232363234353b6d6573736167657c733a34383a22456c207573756172696f206461766978207365206861207265676973747261646f20636f7272656374616d656e74652e223b5f5f63695f766172737c613a313a7b733a373a226d657373616765223b733a333a226f6c64223b7d),
('44ada783105e18dd963616ad4b4cadbc97b1ec5e', '::1', 1598226641, 0x5f5f63695f6c6173745f726567656e65726174657c693a313539383232363634313b),
('dc48fc362ed38f07e39d69b1840682574743d4f9', '::1', 1598227174, 0x5f5f63695f6c6173745f726567656e65726174657c693a313539383232373137343b),
('8917d9160b5efe7b2358cb30d924e3a543281707', '::1', 1598232331, 0x5f5f63695f6c6173745f726567656e65726174657c693a313539383233323333313b),
('4554b4fe13d256c4fde4ccb1d7c674ced0e447c5', '::1', 1598234985, 0x5f5f63695f6c6173745f726567656e65726174657c693a313539383233343938353b),
('9fa945d77312a7ea9725a06c6f40ee457a3eef70', '::1', 1598235546, 0x5f5f63695f6c6173745f726567656e65726174657c693a313539383233353534363b),
('ba73d5f9833510aec0c9d0cf1294c32e13516197', '::1', 1598236123, 0x5f5f63695f6c6173745f726567656e65726174657c693a313539383233363132333b),
('e74d62817a73f65de8f38a28d6bd7064a86c6d46', '::1', 1598236560, 0x5f5f63695f6c6173745f726567656e65726174657c693a313539383233363536303b),
('c9a7e8f7ee714545d2466e98dfce3023de2a566e', '::1', 1598241326, 0x5f5f63695f6c6173745f726567656e65726174657c693a313539383234313332363b),
('2c50c44cb8e3f0ae2340beb373569d28fd45d704', '::1', 1598247978, 0x5f5f63695f6c6173745f726567656e65726174657c693a313539383234373937383b),
('4e84afb1147e4670a0e3f0c2bd6f47fcdc51099e', '::1', 1598248863, 0x5f5f63695f6c6173745f726567656e65726174657c693a313539383234383836333b6d6573736167657c733a35313a22456c207573756172696f20617274757269746f207365206861207265676973747261646f20636f7272656374616d656e74652e223b5f5f63695f766172737c613a313a7b733a373a226d657373616765223b733a333a226f6c64223b7d),
('46d9c68d19b2bd326d9844d100de3ba8e98663cf', '::1', 1598249853, 0x5f5f63695f6c6173745f726567656e65726174657c693a313539383234393835333b),
('768dd0608da2e3b90946a03220228413ee922afa', '::1', 1598250125, 0x5f5f63695f6c6173745f726567656e65726174657c693a313539383234393835333b),
('21701658cb7b23f16625aa75a34a5a71af9c1ad3', '::1', 1598285212, 0x5f5f63695f6c6173745f726567656e65726174657c693a313539383238353230383b),
('56208841228062e9b32c8bd625a79238076e5a5e', '::1', 1598308077, 0x5f5f63695f6c6173745f726567656e65726174657c693a313539383330383037373b),
('e2b54c82d5e026d7ad323343bce2d55a8b19f1a1', '::1', 1598329640, 0x5f5f63695f6c6173745f726567656e65726174657c693a313539383332393634303b),
('15240279aee36933ff2cd66aae942ea2a45aa4e8', '::1', 1598379461, 0x5f5f63695f6c6173745f726567656e65726174657c693a313539383337393433353b),
('d138c40730db0fbac30e0c6156d3918f27695671', '::1', 1598467221, 0x5f5f63695f6c6173745f726567656e65726174657c693a313539383436373232313b),
('d7795cbc12b509f0bdf8244f306ac76c52f51124', '::1', 1598467540, 0x5f5f63695f6c6173745f726567656e65726174657c693a313539383436373534303b),
('b9496963a477eea29bee1578139678be6590bf42', '::1', 1598467540, 0x5f5f63695f6c6173745f726567656e65726174657c693a313539383436373534303b6d6573736167657c733a35333a22456c207573756172696f206672656479626f6c3131207365206861207265676973747261646f20636f7272656374616d656e74652e223b5f5f63695f766172737c613a313a7b733a373a226d657373616765223b733a333a226f6c64223b7d),
('35f919cde9e6c80aa88df939018f69f609dec43b', '::1', 1598553503, 0x5f5f63695f6c6173745f726567656e65726174657c693a313539383535333239323b),
('78a66da3a253a1f251c24471b6a2730768f864c2', '::1', 1598553860, 0x5f5f63695f6c6173745f726567656e65726174657c693a313539383535333836303b76616c6f72536573696f6e7c733a353a227065727261223b),
('a43fadf0885dd8f52ab457d3d50974f22976c823', '::1', 1598554934, 0x5f5f63695f6c6173745f726567656e65726174657c693a313539383535343933343b),
('c6d3e154d0394821f50df0d889ce29a2018fc256', '::1', 1598556176, 0x5f5f63695f6c6173745f726567656e65726174657c693a313539383535363137363b76616c6f72536573696f6e7c733a353a227065727261223b),
('6d1c0e3dbb801db87db9e842e26e5ac0c88c2071', '::1', 1598556461, 0x5f5f63695f6c6173745f726567656e65726174657c693a313539383535363232303b),
('aca7127509fa4786a85ae026090d44322e7fece1', '::1', 1598682651, 0x5f5f63695f6c6173745f726567656e65726174657c693a313539383638323634313b),
('08ab2909e9fb94110216ded87dc36b415fe11151', '::1', 1598983466, 0x5f5f63695f6c6173745f726567656e65726174657c693a313539383938333436363b),
('8caef8cafd0be2ba3b9ef9de8341c3147afb7831', '::1', 1598983645, 0x5f5f63695f6c6173745f726567656e65726174657c693a313539383938333436363b),
('01f5d0e956457b19412df18da25ca509edd1b2ea', '::1', 1599067462, 0x5f5f63695f6c6173745f726567656e65726174657c693a313539393036373436323b),
('5dbbdeec5ff5f41f26e2614af5015039906fa3a9', '::1', 1599509749, 0x5f5f63695f6c6173745f726567656e65726174657c693a313539393530393734393b),
('8a3f8d041520cc9a481724e83128b1b010131146', '::1', 1599509750, 0x5f5f63695f6c6173745f726567656e65726174657c693a313539393530393734393b),
('02bb6147cfbccc14aa7486d0fd4ee35d5dfc5737', '::1', 1599632847, 0x5f5f63695f6c6173745f726567656e65726174657c693a313539393633323834373b),
('629f33c41c0e28b4bad877dfa0a0dda46758a053', '::1', 1599633340, 0x5f5f63695f6c6173745f726567656e65726174657c693a313539393633333334303b),
('61c8853fc7e5994dde1cf52f219752d99c87e61d', '::1', 1599633653, 0x5f5f63695f6c6173745f726567656e65726174657c693a313539393633333635333b),
('0032cd0c5a2ed35748c04a39d3a51343c96d9374', '::1', 1599633954, 0x5f5f63695f6c6173745f726567656e65726174657c693a313539393633333935343b),
('07c929f209fbfd4a3076470e1ac5bc64d0a9defb', '::1', 1599634372, 0x5f5f63695f6c6173745f726567656e65726174657c693a313539393633343337323b),
('314757c805bfc597607ce27f8909c77006c4197d', '::1', 1599634698, 0x5f5f63695f6c6173745f726567656e65726174657c693a313539393633343639383b),
('e8625f86dc335c2318ed5ecee4dd87ac5ebb9476', '::1', 1599635005, 0x5f5f63695f6c6173745f726567656e65726174657c693a313539393633353030353b),
('e50ec3184e923dd14021aa6de58735dd39f594d8', '::1', 1599635012, 0x5f5f63695f6c6173745f726567656e65726174657c693a313539393633353030353b),
('ac51d6cd76009df933cdab420b8506c279316064', '::1', 1599666790, 0x5f5f63695f6c6173745f726567656e65726174657c693a313539393636363739303b61637475616c697a61727c733a35323a22456c207573756172696f206a6f616e303632372073652068612061637475616c697a61646f20636f7272656374616d656e74652e223b5f5f63695f766172737c613a313a7b733a31303a2261637475616c697a6172223b733a333a226f6c64223b7d),
('df6bf497c1aa0dd11515b57c70030096882faebf', '::1', 1599667087, 0x5f5f63695f6c6173745f726567656e65726174657c693a313539393636363739303b6d6573736167657c733a34393a22456c207573756172696f20646176697831207365206861207265676973747261646f20636f7272656374616d656e74652e223b5f5f63695f766172737c613a313a7b733a373a226d657373616765223b733a333a226f6c64223b7d),
('mlgh48gr1umqdg7bkf99v8hhta07f0cf', '::1', 1599668437, 0x5f5f63695f6c6173745f726567656e65726174657c693a313539393636383433373b6d6573736167657c733a35353a22456c20736572766963696f203c78666776667364676667207365206861207265676973747261646f20636f7272656374616d656e74652e223b5f5f63695f766172737c613a313a7b733a373a226d657373616765223b733a333a226f6c64223b7d),
('8rv64ui8mrip2mo8iutqgutk1kl5688a', '::1', 1599675491, 0x5f5f63695f6c6173745f726567656e65726174657c693a313539393637353439313b),
('od8hp9bbnmbt2s0dqqe3qlsera59a3bg', '::1', 1599675846, 0x5f5f63695f6c6173745f726567656e65726174657c693a313539393637353834363b),
('5gdstg2uqahov46skr5cm47sirnggvut', '::1', 1599676829, 0x5f5f63695f6c6173745f726567656e65726174657c693a313539393637363832393b),
('6qk3o0npmole3d8bua0t75c405cmbj6d', '::1', 1599677152, 0x5f5f63695f6c6173745f726567656e65726174657c693a313539393637373135323b),
('pigatspduv9ni2rskv3vvmb023v9nc1e', '::1', 1599677484, 0x5f5f63695f6c6173745f726567656e65726174657c693a313539393637373438343b62757371756564617c733a31373a224e6f2068617920726573756c7461646f73223b5f5f63695f766172737c613a313a7b733a383a226275737175656461223b733a333a226e6577223b7d),
('5ekghpkmddtnsptnnblhu4gfjknrlodt', '::1', 1599678612, 0x5f5f63695f6c6173745f726567656e65726174657c693a313539393637383631323b),
('qupoivm082t74qbk9eo11med9gvj37od', '::1', 1599680774, 0x5f5f63695f6c6173745f726567656e65726174657c693a313539393638303737343b),
('e7d4mh8f8494gvp6a273u816hdll936s', '::1', 1599681117, 0x5f5f63695f6c6173745f726567656e65726174657c693a313539393638313131373b),
('2tiri2go4t1qgbr4v44v14devtk96mfk', '::1', 1599683700, 0x5f5f63695f6c6173745f726567656e65726174657c693a313539393638333730303b),
('pshle4du2um4e5stf4oa78hu4qs1gf2k', '::1', 1599683701, 0x5f5f63695f6c6173745f726567656e65726174657c693a313539393638333730303b),
('au4jmif0crmi1gh8rq36baohmti0529i', '::1', 1599754949, 0x5f5f63695f6c6173745f726567656e65726174657c693a313539393735343934393b),
('57bplr2u98iqdrqkjdb2bfkrvc5q4j5r', '::1', 1599755735, 0x5f5f63695f6c6173745f726567656e65726174657c693a313539393735353733353b),
('ka8nj2v4o5m1p38m20h9slks3b28l3vc', '::1', 1599756317, 0x5f5f63695f6c6173745f726567656e65726174657c693a313539393735363331373b),
('a84277j47fo3p649d74l1jefmuu3vlk4', '::1', 1599762982, 0x5f5f63695f6c6173745f726567656e65726174657c693a313539393736323938323b),
('qbgoi318uaicasen96vlt1sb5vmemnan', '::1', 1599762990, 0x5f5f63695f6c6173745f726567656e65726174657c693a313539393736323938323b),
('71t6i7eganld3t7kqu95a5k5v510oaf4', '::1', 1599791172, 0x5f5f63695f6c6173745f726567656e65726174657c693a313539393739313137323b),
('e8o46u2ceih17tgh801d6qv54tmauo73', '::1', 1599792211, 0x5f5f63695f6c6173745f726567656e65726174657c693a313539393739323231313b6d6573736167657c733a39303a22456c20736572766963696f20436f6d626f2062656c6c657a612079206261c3b16f207061726120706572726f20c2a150726f6d6f6369c3b36e21207365206861207265676973747261646f20636f7272656374616d656e74652e223b5f5f63695f766172737c613a313a7b733a373a226d657373616765223b733a333a226f6c64223b7d),
('m9tp2dqd96atn22ikc29pkf6196p5u2l', '::1', 1599793716, 0x5f5f63695f6c6173745f726567656e65726174657c693a313539393739333731363b),
('ms3n6jdi1ipvmq1fnr9tbd4r5bk3dhqa', '::1', 1599795271, 0x5f5f63695f6c6173745f726567656e65726174657c693a313539393739353237313b),
('r2139u13a8srsu26blfqua11nadqmdm6', '::1', 1599795844, 0x5f5f63695f6c6173745f726567656e65726174657c693a313539393739353834343b),
('g8469c4728rn3qndtlkodmn8h4rvkk6m', '::1', 1599795845, 0x5f5f63695f6c6173745f726567656e65726174657c693a313539393739353834343b),
('etctofojl4sj1tgjcnodsluson9tl043', '::1', 1599839228, 0x5f5f63695f6c6173745f726567656e65726174657c693a313539393833393232383b),
('1n5j9kmufkf9flgk28cdf86ut35m76le', '::1', 1599839548, 0x5f5f63695f6c6173745f726567656e65726174657c693a313539393833393534383b),
('cqs1r224157e7nvva2ec83sfvq2nmv8o', '::1', 1599840599, 0x5f5f63695f6c6173745f726567656e65726174657c693a313539393834303539393b),
('8btn88ubtrevuurogcpmetsc6s6n0aqc', '::1', 1599840960, 0x5f5f63695f6c6173745f726567656e65726174657c693a313539393834303936303b),
('278eechbp10erl6h2qevfh0tft0qt2o8', '::1', 1599841274, 0x5f5f63695f6c6173745f726567656e65726174657c693a313539393834313237343b),
('84n62b90nq8vgm5v6kkeeqkst5nun6li', '::1', 1599841595, 0x5f5f63695f6c6173745f726567656e65726174657c693a313539393834313539353b),
('gtjbffa5c2aij26nrbinhe65tvijsn23', '::1', 1599842110, 0x5f5f63695f6c6173745f726567656e65726174657c693a313539393834323131303b),
('r09bt0t1aqfn7fmo77i50orckaqnolp3', '::1', 1599842434, 0x5f5f63695f6c6173745f726567656e65726174657c693a313539393834323433343b),
('q1uqpgpvvst0u82ts94pe68631sfe9me', '::1', 1599842736, 0x5f5f63695f6c6173745f726567656e65726174657c693a313539393834323733363b),
('bebkpokbhaih5smp4i6b8a6bvo5dosa7', '::1', 1599843129, 0x5f5f63695f6c6173745f726567656e65726174657c693a313539393834333132393b),
('roujb6mouii6v7cocjilo1up9n7jhqar', '::1', 1599843480, 0x5f5f63695f6c6173745f726567656e65726174657c693a313539393834333438303b),
('u22ko66e0nvn9r2hkstb1st6hqcnufh4', '::1', 1599843888, 0x5f5f63695f6c6173745f726567656e65726174657c693a313539393834333838383b),
('o9r5ibp0uvkgpj5lnhkd837461f3b0p1', '::1', 1599844270, 0x5f5f63695f6c6173745f726567656e65726174657c693a313539393834343237303b),
('4fhi0djpumenbehq8p1aaqbbavhc2amj', '::1', 1599844594, 0x5f5f63695f6c6173745f726567656e65726174657c693a313539393834343539343b),
('kmaq0rerk0ljus5ul69kvqq3nhaa8a88', '::1', 1599844930, 0x5f5f63695f6c6173745f726567656e65726174657c693a313539393834343933303b),
('0h7on8lblshthsfl2bpvvoi606o73816', '::1', 1599845287, 0x5f5f63695f6c6173745f726567656e65726174657c693a313539393834353238373b),
('n3lkr8nd5ihg0bv6rga5i0k6sj55lhnd', '::1', 1599846484, 0x5f5f63695f6c6173745f726567656e65726174657c693a313539393834363438343b),
('r49oujrhpmte8srrqrtl3iu39s2bd624', '::1', 1599846941, 0x5f5f63695f6c6173745f726567656e65726174657c693a313539393834363934313b),
('jhjfud8g5itsd26bif9kglvt1dgo4lra', '::1', 1599847604, 0x5f5f63695f6c6173745f726567656e65726174657c693a313539393834373630343b62757371756564617c733a31373a224e6f2068617920726573756c7461646f73223b5f5f63695f766172737c613a313a7b733a383a226275737175656461223b733a333a226e6577223b7d),
('hto4hmrr0tpctotlobv1guej4qlraqh8', '::1', 1599848108, 0x5f5f63695f6c6173745f726567656e65726174657c693a313539393834383130383b),
('d6sf3b9hvll1pvahcgum2s9livirmgf0', '::1', 1599852001, 0x5f5f63695f6c6173745f726567656e65726174657c693a313539393835323030313b),
('2edsvfetpdon35g57k5b1slb88c18tiv', '::1', 1599852325, 0x5f5f63695f6c6173745f726567656e65726174657c693a313539393835323332353b),
('j8n4ipa0a4a7fdcflnlogfrpks2sg2hc', '::1', 1599852769, 0x5f5f63695f6c6173745f726567656e65726174657c693a313539393835323736393b),
('h85a9cbp6grcbh5b1b0m7d7s1tk1fcdc', '::1', 1599852912, 0x5f5f63695f6c6173745f726567656e65726174657c693a313539393835323736393b),
('12606437b816ebabfada9726c8870f02bde0ba7a', '::1', 1600970953, 0x5f5f63695f6c6173745f726567656e65726174657c693a313630303937303935333b),
('2a16d36de2bc2d358edfd719e8f22918d6a9a364', '::1', 1600971979, 0x5f5f63695f6c6173745f726567656e65726174657c693a313630303937313937393b),
('5ac3eea33a752259bde110e996b1e7237ec3e1d2', '::1', 1600972362, 0x5f5f63695f6c6173745f726567656e65726174657c693a313630303937323336323b),
('9fa0d78d0419a5f0fbb2316d44afd5d0fe1f5ec0', '::1', 1600975247, 0x5f5f63695f6c6173745f726567656e65726174657c693a313630303937353234373b),
('ab84567358f0abd780389124609baad3f51aaeff', '::1', 1600976046, 0x5f5f63695f6c6173745f726567656e65726174657c693a313630303937363034363b),
('e0c83155e45b9121dc6df1e8e561e1c6de41ffca', '::1', 1600976373, 0x5f5f63695f6c6173745f726567656e65726174657c693a313630303937363337333b),
('54e38e828dff01522cb670d2f9b51a343ec7c8a7', '::1', 1600976696, 0x5f5f63695f6c6173745f726567656e65726174657c693a313630303937363639363b),
('3bca9bbdd9193b7fad77d9a480032a1cff75a82e', '::1', 1600977191, 0x5f5f63695f6c6173745f726567656e65726174657c693a313630303937373139313b),
('9ae388b5a836d9f2ca8625e267fa6a5fbb9e8961', '::1', 1600977768, 0x5f5f63695f6c6173745f726567656e65726174657c693a313630303937373736383b),
('52cee690234905e5460bb3e1810bf2a2920d0afd', '::1', 1600981198, 0x5f5f63695f6c6173745f726567656e65726174657c693a313630303938313139383b),
('068eaa2ee04e144f184acedcc7925f8a059ab79d', '::1', 1600981591, 0x5f5f63695f6c6173745f726567656e65726174657c693a313630303938313539313b),
('49c08e40287a39d37c836886dcd810c20e56126d', '::1', 1600982044, 0x5f5f63695f6c6173745f726567656e65726174657c693a313630303938323034343b),
('9f94087c64c2ffdde4761c352c1d10ee4e42fdc2', '::1', 1600982452, 0x5f5f63695f6c6173745f726567656e65726174657c693a313630303938323435323b),
('3953bcc0abf45eab7af9287119c25fb8ecc1fa20', '::1', 1600983241, 0x5f5f63695f6c6173745f726567656e65726174657c693a313630303938333234313b),
('70805f0ebc332c12f5acbedf0740c873ecf1e78d', '::1', 1600983593, 0x5f5f63695f6c6173745f726567656e65726174657c693a313630303938333539333b),
('be23afde62f7fa2b6655cc27b3bbced945a2ac0d', '::1', 1600984438, 0x5f5f63695f6c6173745f726567656e65726174657c693a313630303938343433383b),
('2536883cba9a95ae248a47c010ea10d705054385', '::1', 1600984438, 0x5f5f63695f6c6173745f726567656e65726174657c693a313630303938343433383b),
('87d4649ef17532af8c61e5173ce0580575420896', '::1', 1601005712, 0x5f5f63695f6c6173745f726567656e65726174657c693a313630313030353731323b),
('078d38d4acc73a3c3f3de0f6509aa104dc5fb015', '::1', 1601006145, 0x5f5f63695f6c6173745f726567656e65726174657c693a313630313030363134353b),
('e7923453cec83c139405e8e0041b31544da62db5', '::1', 1601006634, 0x5f5f63695f6c6173745f726567656e65726174657c693a313630313030363633343b),
('d32291aa191281f334b327696f7d1fa3e9ed3c5c', '::1', 1601007079, 0x5f5f63695f6c6173745f726567656e65726174657c693a313630313030373037393b),
('9757b7a30b733613ff2845f8d9ee5a78e1a562dd', '::1', 1601007470, 0x5f5f63695f6c6173745f726567656e65726174657c693a313630313030373437303b),
('5ccf44f033b878105e37586a2d2878f5e86f0673', '::1', 1601007787, 0x5f5f63695f6c6173745f726567656e65726174657c693a313630313030373738373b),
('16fddccb933be711cdd528294d7ec7c22d557755', '::1', 1601008103, 0x5f5f63695f6c6173745f726567656e65726174657c693a313630313030383130333b),
('d785d6ce3182adaa209595900799464ea01fa0f5', '::1', 1601008438, 0x5f5f63695f6c6173745f726567656e65726174657c693a313630313030383433383b),
('a7f10e41f0a0a370b30545a3153d188071f1b686', '::1', 1601009229, 0x5f5f63695f6c6173745f726567656e65726174657c693a313630313030393232393b),
('d929c73612b25b1acc7b265a3c74b289bd2adac2', '::1', 1601009611, 0x5f5f63695f6c6173745f726567656e65726174657c693a313630313030393631313b),
('16912fd8c497cd8516cb559e8fa76348b922cadd', '::1', 1601009624, 0x5f5f63695f6c6173745f726567656e65726174657c693a313630313030393631313b),
('f08f59a7c83fc30283ff7dc1a5a54cae8dab8e66', '::1', 1601017655, 0x5f5f63695f6c6173745f726567656e65726174657c693a313630313031373635353b),
('463948b5b4ed06f18cd36cdf9243ad07f275d87b', '::1', 1601017990, 0x5f5f63695f6c6173745f726567656e65726174657c693a313630313031373939303b),
('b3f8e4591e2f651adb55657b5536aeb566c20e22', '::1', 1601018310, 0x5f5f63695f6c6173745f726567656e65726174657c693a313630313031383331303b),
('f37e7c2e36e48981e65958d09a5084abe0aaeb4f', '::1', 1601018626, 0x5f5f63695f6c6173745f726567656e65726174657c693a313630313031383632363b),
('0ec22d61bfcfbcd6d3a1ec45822823dde6ead78f', '::1', 1601019426, 0x5f5f63695f6c6173745f726567656e65726174657c693a313630313031393432363b),
('b3773f54dd9b2a22c3d6b2752431b19064a3f7ba', '::1', 1601019778, 0x5f5f63695f6c6173745f726567656e65726174657c693a313630313031393737383b),
('57a7d1bddc03c5159743f57fb283301f1dd54816', '::1', 1601020151, 0x5f5f63695f6c6173745f726567656e65726174657c693a313630313032303135313b),
('9d4f784f9fac78b6e6cebb6569aae6423f01cf0a', '::1', 1601020324, 0x5f5f63695f6c6173745f726567656e65726174657c693a313630313032303135313b),
('c97264b29b8135aecb57a079a9b2c89382873803', '::1', 1601055639, 0x5f5f63695f6c6173745f726567656e65726174657c693a313630313035353633393b),
('22080d463bcf34a5f6d169a3ca2ad85e36b98139', '::1', 1601055640, 0x5f5f63695f6c6173745f726567656e65726174657c693a313630313035353633393b),
('45d5d501659fdb3842f4fa8001cc0001d2eee2d7', '::1', 1601268138, 0x5f5f63695f6c6173745f726567656e65726174657c693a313630313236383133383b),
('e2d227c97471c96b06056c51bbb0b56af6d94d5b', '::1', 1601268893, 0x5f5f63695f6c6173745f726567656e65726174657c693a313630313236383839333b),
('8c6a37558dcb0fcdca7205fe0b7b2846f49a78b4', '::1', 1601272981, 0x5f5f63695f6c6173745f726567656e65726174657c693a313630313237323938313b),
('d8390beb5e0769f2eec2428abf5599b56fe3cda0', '::1', 1601273728, 0x5f5f63695f6c6173745f726567656e65726174657c693a313630313237333732383b),
('f8769a1b72cbe97d85b56e34f5dd8f61abe3f6f0', '::1', 1601274064, 0x5f5f63695f6c6173745f726567656e65726174657c693a313630313237343036343b),
('e14a90f00c1778217cf0a6e85f14a0c5d60cae63', '::1', 1601274457, 0x5f5f63695f6c6173745f726567656e65726174657c693a313630313237343435373b),
('cde2a88eda958bb176101f4442d12847bd123fe3', '::1', 1601275495, 0x5f5f63695f6c6173745f726567656e65726174657c693a313630313237353439353b),
('1b17a8b7237f9575d87f18a3b8b73e477b28ff15', '::1', 1601275617, 0x5f5f63695f6c6173745f726567656e65726174657c693a313630313237353439353b),
('d1f5f020ecc20b77fa468a81f6dd257a461d7692', '::1', 1601304953, 0x5f5f63695f6c6173745f726567656e65726174657c693a313630313330343935333b),
('a021b8f71df2acfb401d83d7e43a0e86b0cabb57', '::1', 1601307255, 0x5f5f63695f6c6173745f726567656e65726174657c693a313630313330373235353b),
('b4eeba4daa15f36c16527b3dbdafaf3527b35d23', '::1', 1601307613, 0x5f5f63695f6c6173745f726567656e65726174657c693a313630313330373631333b),
('9336ed4c4bbb920ce261e18f3e32af2b387196c0', '::1', 1601308221, 0x5f5f63695f6c6173745f726567656e65726174657c693a313630313330383232313b),
('36a2d0a93acf3810bb0565944c99c9e497ecf3b1', '::1', 1601308566, 0x5f5f63695f6c6173745f726567656e65726174657c693a313630313330383536363b),
('8171fc907d68ffd8f0dcfd7907c92ac7bcf14445', '::1', 1601309253, 0x5f5f63695f6c6173745f726567656e65726174657c693a313630313330393235333b),
('6786909eefa9fe9c40ba22911a7b06318ece2e09', '::1', 1601309574, 0x5f5f63695f6c6173745f726567656e65726174657c693a313630313330393537343b),
('43a0fdd38b3b8d30be191b4c5c605f9824e13ede', '::1', 1601309966, 0x5f5f63695f6c6173745f726567656e65726174657c693a313630313330393936363b),
('054a57526e5c357632d27dbd434d1fee70c4277e', '::1', 1601310222, 0x5f5f63695f6c6173745f726567656e65726174657c693a313630313330393936363b);

-- --------------------------------------------------------

--
-- Estructura de tabla para la tabla `cliente`
--

CREATE TABLE `cliente` (
  `TipoDocumento` int(11) NOT NULL,
  `documento` varchar(20) NOT NULL,
  `nombre` varchar(45) NOT NULL,
  `telefono` varchar(20) DEFAULT NULL,
  `celular` varchar(20) NOT NULL,
  `direccion` varchar(45) DEFAULT NULL,
  `correo` varchar(45) NOT NULL
) ENGINE=InnoDB DEFAULT CHARSET=utf8;

-- --------------------------------------------------------

--
-- Estructura de tabla para la tabla `compras`
--

CREATE TABLE `compras` (
  `idCompras` int(11) NOT NULL,
  `documentoProveedor` varchar(45) NOT NULL,
  `facturaProveedor` varchar(45) NOT NULL,
  `fechaFacturaProveedor` date NOT NULL,
  `fechaRegistroCompra` date NOT NULL,
  `estado` varchar(20) NOT NULL
) ENGINE=InnoDB DEFAULT CHARSET=utf8;

--
-- Volcado de datos para la tabla `compras`
--

INSERT INTO `compras` (`idCompras`, `documentoProveedor`, `facturaProveedor`, `fechaFacturaProveedor`, `fechaRegistroCompra`, `estado`) VALUES
(1, '1001661421', '123', '2020-09-25', '2020-09-24', '1'),
(2, 'P20400', '5555', '2020-09-04', '2020-09-24', '1'),
(3, 'P20400', '123444', '2020-09-03', '2020-09-25', '1');

-- --------------------------------------------------------

--
-- Estructura de tabla para la tabla `contacto`
--

CREATE TABLE `contacto` (
  `idContacto` int(11) NOT NULL,
  `direccion` varchar(45) NOT NULL,
  `telefono` varchar(15) NOT NULL,
  `correo` varchar(45) NOT NULL
) ENGINE=InnoDB DEFAULT CHARSET=utf8;

-- --------------------------------------------------------

--
-- Estructura de tabla para la tabla `detallecompra`
--

CREATE TABLE `detallecompra` (
  `idDetalleCompra` int(11) NOT NULL,
  `idCompra` int(11) NOT NULL,
  `idProducto` varchar(45) NOT NULL,
  `cantidad` int(11) NOT NULL,
  `costoProducto` int(11) NOT NULL,
  `iva` int(11) NOT NULL
) ENGINE=InnoDB DEFAULT CHARSET=utf8;

-- --------------------------------------------------------

--
-- Estructura de tabla para la tabla `detallemascotacliente`
--

CREATE TABLE `detallemascotacliente` (
  `idDetalleMascotaCliente` int(11) NOT NULL,
  `idMascota` int(11) NOT NULL,
  `documentoCliente` varchar(20) NOT NULL
) ENGINE=InnoDB DEFAULT CHARSET=utf8;

-- --------------------------------------------------------

--
-- Estructura de tabla para la tabla `detalleproveedormarca`
--

CREATE TABLE `detalleproveedormarca` (
  `idDetalleProveedorMarca` int(11) NOT NULL,
  `documentoProveedor` varchar(45) NOT NULL,
  `idMarca` int(11) NOT NULL
) ENGINE=InnoDB DEFAULT CHARSET=utf8;

-- --------------------------------------------------------

--
-- Estructura de tabla para la tabla `detallevacunamascota`
--

CREATE TABLE `detallevacunamascota` (
  `idDetalleVacunaMascota` int(11) NOT NULL,
  `idMascota` int(11) NOT NULL,
  `idVacuna` varchar(45) NOT NULL,
  `dosis` int(11) NOT NULL,
  `fechaAplicacion` date NOT NULL,
  `fechaProxima` date NOT NULL,
  `observaciones` varchar(80) NOT NULL
) ENGINE=InnoDB DEFAULT CHARSET=utf8;

-- --------------------------------------------------------

--
-- Estructura de tabla para la tabla `detalleventaproducto`
--

CREATE TABLE `detalleventaproducto` (
  `idDetalleproductofactura` int(11) NOT NULL,
  `factura` int(11) NOT NULL,
  `producto` varchar(45) NOT NULL,
  `cantidad` int(11) NOT NULL,
  `precioVenta` int(11) NOT NULL
) ENGINE=InnoDB DEFAULT CHARSET=utf8;

-- --------------------------------------------------------

--
-- Estructura de tabla para la tabla `especieproducto`
--

CREATE TABLE `especieproducto` (
  `idEspecieProducto` int(11) NOT NULL,
  `descripcionEspecie` varchar(45) NOT NULL
) ENGINE=InnoDB DEFAULT CHARSET=utf8;

--
-- Volcado de datos para la tabla `especieproducto`
--

INSERT INTO `especieproducto` (`idEspecieProducto`, `descripcionEspecie`) VALUES
(1, 'Canino'),
(2, 'Felino');

-- --------------------------------------------------------

--
-- Estructura de tabla para la tabla `estado`
--

CREATE TABLE `estado` (
  `idEstado` int(11) NOT NULL,
  `descripcion` varchar(45) NOT NULL
) ENGINE=InnoDB DEFAULT CHARSET=utf8;

-- --------------------------------------------------------

--
-- Estructura de tabla para la tabla `formapago`
--

CREATE TABLE `formapago` (
  `idFormaPago` int(11) NOT NULL,
  `descripcion` varchar(45) NOT NULL
) ENGINE=InnoDB DEFAULT CHARSET=utf8;

-- --------------------------------------------------------

--
-- Estructura de tabla para la tabla `horario`
--

CREATE TABLE `horario` (
  `idhorario` int(11) NOT NULL,
  `diaInicio` varchar(10) NOT NULL,
  `diaFin` varchar(10) NOT NULL,
  `horaInicio` time NOT NULL,
  `horaFin` time NOT NULL
) ENGINE=InnoDB DEFAULT CHARSET=utf8;

-- --------------------------------------------------------

--
-- Estructura de tabla para la tabla `marca`
--

CREATE TABLE `marca` (
  `idMarca` int(11) NOT NULL,
  `descripcionMarca` varchar(45) NOT NULL
) ENGINE=InnoDB DEFAULT CHARSET=utf8;

--
-- Volcado de datos para la tabla `marca`
--

INSERT INTO `marca` (`idMarca`, `descripcionMarca`) VALUES
(1, 'Purina'),
(2, 'Soya');

-- --------------------------------------------------------

--
-- Estructura de tabla para la tabla `mascota`
--

CREATE TABLE `mascota` (
  `idMascota` int(11) NOT NULL,
  `idTipoMascota` int(11) NOT NULL,
  `nombreMascota` varchar(45) NOT NULL,
  `sexo` varchar(15) NOT NULL,
  `idraza` int(11) NOT NULL,
  `peso` double DEFAULT NULL,
  `fechaCumpleanos` date DEFAULT NULL,
  `edad` varchar(20) NOT NULL,
  `observaciones` varchar(45) DEFAULT NULL,
  `estado` tinyint(4) NOT NULL
) ENGINE=InnoDB DEFAULT CHARSET=utf8;

-- --------------------------------------------------------

--
-- Estructura de tabla para la tabla `mision`
--

CREATE TABLE `mision` (
  `idmision` int(11) NOT NULL,
  `descripcion` varchar(200) NOT NULL
) ENGINE=InnoDB DEFAULT CHARSET=utf8;

-- --------------------------------------------------------

--
-- Estructura de tabla para la tabla `preguntaseguridad`
--

CREATE TABLE `preguntaseguridad` (
  `idPreguntaSeguridad` int(11) NOT NULL,
  `pregunta` varchar(80) NOT NULL
) ENGINE=InnoDB DEFAULT CHARSET=utf8;

-- --------------------------------------------------------

--
-- Estructura de tabla para la tabla `presentacion`
--

CREATE TABLE `presentacion` (
  `idPresentacion` int(11) NOT NULL,
  `descripcionPresentacion` varchar(45) DEFAULT NULL
) ENGINE=InnoDB DEFAULT CHARSET=utf8;

--
-- Volcado de datos para la tabla `presentacion`
--

INSERT INTO `presentacion` (`idPresentacion`, `descripcionPresentacion`) VALUES
(1, 'Caja'),
(2, 'Paquete');

-- --------------------------------------------------------

--
-- Estructura de tabla para la tabla `producto`
--

CREATE TABLE `producto` (
  `idProducto` varchar(45) NOT NULL,
  `nombreProducto` varchar(45) NOT NULL,
  `descripcionProducto` varchar(80) DEFAULT NULL,
  `idCategoria` int(11) NOT NULL,
  `marca` int(11) NOT NULL,
  `idPresentacion` int(11) NOT NULL,
  `valorMedida` double NOT NULL,
  `idUnidadMedida` int(11) NOT NULL,
  `existencia` int(11) NOT NULL,
  `idEspecieProducto` int(11) NOT NULL,
  `indicaciones` varchar(45) DEFAULT NULL,
  `contradindicaciones` varchar(45) DEFAULT NULL,
  `edadAplicacion` varchar(45) DEFAULT NULL,
  `precio` int(11) NOT NULL,
  `fechaRegistro` timestamp NOT NULL DEFAULT current_timestamp() ON UPDATE current_timestamp()
) ENGINE=InnoDB DEFAULT CHARSET=utf8;

--
-- Volcado de datos para la tabla `producto`
--

INSERT INTO `producto` (`idProducto`, `nombreProducto`, `descripcionProducto`, `idCategoria`, `marca`, `idPresentacion`, `valorMedida`, `idUnidadMedida`, `existencia`, `idEspecieProducto`, `indicaciones`, `contradindicaciones`, `edadAplicacion`, `precio`, `fechaRegistro`) VALUES
('2032', 'Perra Arina', 'N/A', 2, 1, 2, 2, 1, 5, 1, '', '', ' ', 5000, '2020-09-11 19:26:56'),
('9820', 'Concentrado sabor carne y pollo', 'Concentrado para cachorros de sabor a carne y pollo', 2, 1, 2, 20, 1, 30, 1, NULL, NULL, NULL, 18000, '2020-09-24 21:39:46'),
('P2035', 'Croquetas', 'Adulto Carne y Pollo', 2, 2, 2, 5, 1, 3, 1, '', '', ' ', 80000, '2020-09-11 17:50:24');

-- --------------------------------------------------------

--
-- Estructura de tabla para la tabla `proveedor`
--

CREATE TABLE `proveedor` (
  `documento` varchar(45) NOT NULL,
  `idTipoDocumento` int(11) NOT NULL,
  `nombre` varchar(45) NOT NULL,
  `telefono` varchar(45) NOT NULL,
  `celular` varchar(45) DEFAULT NULL,
  `direccion` varchar(45) DEFAULT NULL,
  `correo` varchar(120) NOT NULL,
  `nombreContacto` varchar(45) NOT NULL,
  `diaVisita` varchar(45) DEFAULT NULL,
  `observaciones` varchar(80) DEFAULT NULL,
  `fechaRegistro` timestamp NOT NULL DEFAULT current_timestamp() ON UPDATE current_timestamp()
) ENGINE=InnoDB DEFAULT CHARSET=utf8;

--
-- Volcado de datos para la tabla `proveedor`
--

INSERT INTO `proveedor` (`documento`, `idTipoDocumento`, `nombre`, `telefono`, `celular`, `direccion`, `correo`, `nombreContacto`, `diaVisita`, `observaciones`, `fechaRegistro`) VALUES
('1001661421', 1, 'Soya', '3014215', '301245', 'Crr #80', 'Davix.sevas@gmail.com', 'David Sánchez', 'Martes', 'N/A', '2020-09-11 16:29:23'),
('P20400', 2, 'Luis eduardo cadavid', '666', '121216555', '', '', 'Lucho ', 'MIercoles', '', '2020-09-24 18:33:22');

-- --------------------------------------------------------

--
-- Estructura de tabla para la tabla `quienessomos`
--

CREATE TABLE `quienessomos` (
  `idquienesSomos` int(11) NOT NULL,
  `descripcion` varchar(200) NOT NULL
) ENGINE=InnoDB DEFAULT CHARSET=utf8;

-- --------------------------------------------------------

--
-- Estructura de tabla para la tabla `raza`
--

CREATE TABLE `raza` (
  `idraza` int(11) NOT NULL,
  `descripcion` varchar(45) NOT NULL
) ENGINE=InnoDB DEFAULT CHARSET=utf8;

-- --------------------------------------------------------

--
-- Estructura de tabla para la tabla `respuesta`
--

CREATE TABLE `respuesta` (
  `idRespuesta` int(11) NOT NULL,
  `idPreguntaSeguridad` int(11) NOT NULL,
  `idUsuario` int(11) NOT NULL,
  `respuesta` varchar(45) NOT NULL
) ENGINE=InnoDB DEFAULT CHARSET=utf8;

-- --------------------------------------------------------

--
-- Estructura de tabla para la tabla `rol`
--

CREATE TABLE `rol` (
  `idRol` int(11) NOT NULL,
  `descripcion` varchar(45) NOT NULL
) ENGINE=InnoDB DEFAULT CHARSET=utf8;

--
-- Volcado de datos para la tabla `rol`
--

INSERT INTO `rol` (`idRol`, `descripcion`) VALUES
(1, 'Administrador'),
(2, 'Empleado'),
(3, 'Super Administrador'),
(4, 'Otro');

-- --------------------------------------------------------

--
-- Estructura de tabla para la tabla `servicio`
--

CREATE TABLE `servicio` (
  `idServicio` int(11) NOT NULL,
  `nombreServicio` varchar(45) NOT NULL,
  `idTipoServicio` int(11) NOT NULL,
  `descripcion` varchar(80) NOT NULL,
  `recomendacionesPrevias` varchar(80) NOT NULL,
  `recomendacionesPosteriores` varchar(80) NOT NULL,
  `precio` int(11) NOT NULL,
  `estado` tinyint(1) NOT NULL
) ENGINE=InnoDB DEFAULT CHARSET=utf8;

--
-- Volcado de datos para la tabla `servicio`
--

INSERT INTO `servicio` (`idServicio`, `nombreServicio`, `idTipoServicio`, `descripcion`, `recomendacionesPrevias`, `recomendacionesPosteriores`, `precio`, `estado`) VALUES
(2356, 'Combo belleza y baño para perro ¡Promoción!', 2, 'Promoción  Belleza y baño para perro 2x1 promoción hasta el 1 de enero.', 'N/A', 'Si el perro es peludo no bañar el pelo por 5 días, porque se le daña el tratamie', 35000, 1);

-- --------------------------------------------------------

--
-- Estructura de tabla para la tabla `tipodocumento`
--

CREATE TABLE `tipodocumento` (
  `idTipoDocumento` int(11) NOT NULL,
  `descripcion` varchar(45) NOT NULL
) ENGINE=InnoDB DEFAULT CHARSET=utf8;

--
-- Volcado de datos para la tabla `tipodocumento`
--

INSERT INTO `tipodocumento` (`idTipoDocumento`, `descripcion`) VALUES
(1, 'Cédula de ciudadanía'),
(2, 'Pasaporte'),
(3, 'Cédula de extranjería'),
(4, 'Nit'),
(5, 'Dni'),
(6, 'RUT'),
(7, 'RNI');

-- --------------------------------------------------------

--
-- Estructura de tabla para la tabla `tipomascota`
--

CREATE TABLE `tipomascota` (
  `idTipoMascota` int(11) NOT NULL,
  `descripcion` varchar(45) NOT NULL
) ENGINE=InnoDB DEFAULT CHARSET=utf8;

-- --------------------------------------------------------

--
-- Estructura de tabla para la tabla `tiposervicio`
--

CREATE TABLE `tiposervicio` (
  `idTipoServicio` int(11) NOT NULL,
  `descripcionTipoServicio` varchar(45) NOT NULL
) ENGINE=InnoDB DEFAULT CHARSET=utf8;

--
-- Volcado de datos para la tabla `tiposervicio`
--

INSERT INTO `tiposervicio` (`idTipoServicio`, `descripcionTipoServicio`) VALUES
(1, 'Vacunación'),
(2, 'Belleza'),
(3, 'Evis la mejor');

-- --------------------------------------------------------

--
-- Estructura de tabla para la tabla `unidadmedida`
--

CREATE TABLE `unidadmedida` (
  `idUnidadMedida` int(11) NOT NULL,
  `descripcionUnidadmedida` varchar(45) NOT NULL
) ENGINE=InnoDB DEFAULT CHARSET=utf8;

--
-- Volcado de datos para la tabla `unidadmedida`
--

INSERT INTO `unidadmedida` (`idUnidadMedida`, `descripcionUnidadmedida`) VALUES
(1, 'Kilogramo(s)'),
(2, 'Gramo(s)');

-- --------------------------------------------------------

--
-- Estructura de tabla para la tabla `usuario`
--

CREATE TABLE `usuario` (
  `idUsuario` int(11) NOT NULL,
  `nombre` varchar(45) NOT NULL,
  `celular` varchar(45) DEFAULT NULL,
  `nombreUsuario` varchar(45) NOT NULL,
  `contrasena` varchar(45) NOT NULL,
  `idRol` int(11) NOT NULL,
  `fechaRegistro` date NOT NULL DEFAULT current_timestamp(),
  `estado` tinyint(1) NOT NULL
) ENGINE=InnoDB DEFAULT CHARSET=utf8;

--
-- Volcado de datos para la tabla `usuario`
--

INSERT INTO `usuario` (`idUsuario`, `nombre`, `celular`, `nombreUsuario`, `contrasena`, `idRol`, `fechaRegistro`, `estado`) VALUES
(26, 'Carlos Calderon', '3002897890', 'carlox56', '$2y$10$xu5H0VWttExeMqMoi2urUu0jBaleKOjtCTJtux', 1, '2020-08-27', 1),
(27, 'Joan Bolivar', '3002897890', 'joan0627', '$2y$10$kEEGMyBYq99oXH1upAloM.HA1YaGWBPseVRlYZ', 2, '2020-09-09', 1),
(28, 'David Sánchez', '3002897890', 'davix1', '$2y$10$YKc0LhlvHFHD2mqiTRw38Oo1RI.sqGb4Ltts4V', 1, '2020-09-09', 1);

-- --------------------------------------------------------

--
-- Estructura de tabla para la tabla `venta`
--

CREATE TABLE `venta` (
  `idFactura` int(11) NOT NULL,
  `fecha` datetime NOT NULL,
  `vendedor` int(11) NOT NULL,
  `documentoCliente` varchar(20) NOT NULL,
  `descuentoTotal` int(11) NOT NULL,
  `formaPago` int(11) NOT NULL,
  `nComprobante` varchar(45) DEFAULT NULL
) ENGINE=InnoDB DEFAULT CHARSET=utf8;

-- --------------------------------------------------------

--
-- Estructura de tabla para la tabla `vision`
--

CREATE TABLE `vision` (
  `idvision` int(11) NOT NULL,
  `descripcion` varchar(200) NOT NULL
) ENGINE=InnoDB DEFAULT CHARSET=utf8;

--
-- Índices para tablas volcadas
--

--
-- Indices de la tabla `carrusel`
--
ALTER TABLE `carrusel`
  ADD PRIMARY KEY (`idCarrusel`);

--
-- Indices de la tabla `categoria`
--
ALTER TABLE `categoria`
  ADD PRIMARY KEY (`idCategoria`);

--
-- Indices de la tabla `cita`
--
ALTER TABLE `cita`
  ADD PRIMARY KEY (`idCita`),
  ADD KEY `fk_Cita_Servicio_idx` (`servicio`),
  ADD KEY `fk_Cita_Estado1_idx` (`idEstado`),
  ADD KEY `fk_Cita_DetalleMascotaCliente_idx` (`idDetalleMascotaCliente`);

--
-- Indices de la tabla `ci_sessions`
--
ALTER TABLE `ci_sessions`
  ADD KEY `ci_sessions_timestamp` (`timestamp`);

--
-- Indices de la tabla `cliente`
--
ALTER TABLE `cliente`
  ADD PRIMARY KEY (`documento`),
  ADD KEY `fk_Cliente_TipoDocumento1_idx` (`TipoDocumento`);

--
-- Indices de la tabla `compras`
--
ALTER TABLE `compras`
  ADD PRIMARY KEY (`idCompras`),
  ADD KEY `fk_Compras_Proveedor1_idx` (`documentoProveedor`);

--
-- Indices de la tabla `contacto`
--
ALTER TABLE `contacto`
  ADD PRIMARY KEY (`idContacto`);

--
-- Indices de la tabla `detallecompra`
--
ALTER TABLE `detallecompra`
  ADD PRIMARY KEY (`idDetalleCompra`),
  ADD KEY `fk_DetalleCompra_Compras1_idx` (`idCompra`),
  ADD KEY `fk_DetalleCompra_Producto1_idx` (`idProducto`);

--
-- Indices de la tabla `detallemascotacliente`
--
ALTER TABLE `detallemascotacliente`
  ADD PRIMARY KEY (`idDetalleMascotaCliente`),
  ADD KEY `fk_DetalleMascotaCliente_Mascota1_idx` (`idMascota`),
  ADD KEY `fk_DetalleMascotaCliente_Cliente1_idx` (`documentoCliente`);

--
-- Indices de la tabla `detalleproveedormarca`
--
ALTER TABLE `detalleproveedormarca`
  ADD PRIMARY KEY (`idDetalleProveedorMarca`),
  ADD KEY `fk_DetalleProveedorMarca_Marca1_idx` (`idMarca`),
  ADD KEY `fk_DetalleProveedorMarca_Proveedor1_idx` (`documentoProveedor`);

--
-- Indices de la tabla `detallevacunamascota`
--
ALTER TABLE `detallevacunamascota`
  ADD PRIMARY KEY (`idDetalleVacunaMascota`),
  ADD KEY `fk_DetalleVacunaMascota_Mascota1_idx` (`idMascota`),
  ADD KEY `fk_DetalleVacunaMascota_Producto_idx` (`idVacuna`);

--
-- Indices de la tabla `detalleventaproducto`
--
ALTER TABLE `detalleventaproducto`
  ADD PRIMARY KEY (`idDetalleproductofactura`),
  ADD KEY `Fk_detalleproductofactura_Producto_idx` (`producto`),
  ADD KEY `fk_detalleproductofactura_Factura_idx` (`factura`);

--
-- Indices de la tabla `especieproducto`
--
ALTER TABLE `especieproducto`
  ADD PRIMARY KEY (`idEspecieProducto`);

--
-- Indices de la tabla `estado`
--
ALTER TABLE `estado`
  ADD PRIMARY KEY (`idEstado`);

--
-- Indices de la tabla `formapago`
--
ALTER TABLE `formapago`
  ADD PRIMARY KEY (`idFormaPago`);

--
-- Indices de la tabla `horario`
--
ALTER TABLE `horario`
  ADD PRIMARY KEY (`idhorario`);

--
-- Indices de la tabla `marca`
--
ALTER TABLE `marca`
  ADD PRIMARY KEY (`idMarca`);

--
-- Indices de la tabla `mascota`
--
ALTER TABLE `mascota`
  ADD PRIMARY KEY (`idMascota`),
  ADD KEY `fk_Mascota_Raza1_idx` (`idraza`),
  ADD KEY `fk_Mascota_TipoMascota1_idx` (`idTipoMascota`);

--
-- Indices de la tabla `mision`
--
ALTER TABLE `mision`
  ADD PRIMARY KEY (`idmision`);

--
-- Indices de la tabla `preguntaseguridad`
--
ALTER TABLE `preguntaseguridad`
  ADD PRIMARY KEY (`idPreguntaSeguridad`);

--
-- Indices de la tabla `presentacion`
--
ALTER TABLE `presentacion`
  ADD PRIMARY KEY (`idPresentacion`);

--
-- Indices de la tabla `producto`
--
ALTER TABLE `producto`
  ADD PRIMARY KEY (`idProducto`),
  ADD KEY `fk_Producto_Categoria1_idx` (`idCategoria`),
  ADD KEY `fk_Producto_UnidadMedida1_idx` (`idUnidadMedida`),
  ADD KEY `fk_Producto_Presentacion1_idx` (`idPresentacion`),
  ADD KEY `fk_Producto_Marca_idx` (`marca`),
  ADD KEY `fk_producto_especieproducto1_idx` (`idEspecieProducto`);

--
-- Indices de la tabla `proveedor`
--
ALTER TABLE `proveedor`
  ADD PRIMARY KEY (`documento`),
  ADD KEY `fk_Proveedor_TipoDocumento1_idx` (`idTipoDocumento`);

--
-- Indices de la tabla `quienessomos`
--
ALTER TABLE `quienessomos`
  ADD PRIMARY KEY (`idquienesSomos`);

--
-- Indices de la tabla `raza`
--
ALTER TABLE `raza`
  ADD PRIMARY KEY (`idraza`);

--
-- Indices de la tabla `respuesta`
--
ALTER TABLE `respuesta`
  ADD PRIMARY KEY (`idRespuesta`),
  ADD KEY `fk_Respuesta_PreguntaSeguridad1_idx` (`idPreguntaSeguridad`),
  ADD KEY `fk_Respuesta_Usuario1_idx` (`idUsuario`);

--
-- Indices de la tabla `rol`
--
ALTER TABLE `rol`
  ADD PRIMARY KEY (`idRol`);

--
-- Indices de la tabla `servicio`
--
ALTER TABLE `servicio`
  ADD PRIMARY KEY (`idServicio`),
  ADD KEY `fk_Servicio_TipoServicio_idx` (`idTipoServicio`);

--
-- Indices de la tabla `tipodocumento`
--
ALTER TABLE `tipodocumento`
  ADD PRIMARY KEY (`idTipoDocumento`);

--
-- Indices de la tabla `tipomascota`
--
ALTER TABLE `tipomascota`
  ADD PRIMARY KEY (`idTipoMascota`);

--
-- Indices de la tabla `tiposervicio`
--
ALTER TABLE `tiposervicio`
  ADD PRIMARY KEY (`idTipoServicio`);

--
-- Indices de la tabla `unidadmedida`
--
ALTER TABLE `unidadmedida`
  ADD PRIMARY KEY (`idUnidadMedida`);

--
-- Indices de la tabla `usuario`
--
ALTER TABLE `usuario`
  ADD PRIMARY KEY (`idUsuario`),
  ADD UNIQUE KEY `nombreUsuario` (`nombreUsuario`),
  ADD KEY `fk_Usuario_Rol1_idx` (`idRol`);

--
-- Indices de la tabla `venta`
--
ALTER TABLE `venta`
  ADD PRIMARY KEY (`idFactura`),
  ADD KEY `fk_Factura_Vendedor_idx` (`vendedor`),
  ADD KEY `fk_Factura_FormaPago_idx` (`formaPago`),
  ADD KEY `fk_Factura_Cliente1_idx` (`documentoCliente`);

--
-- Indices de la tabla `vision`
--
ALTER TABLE `vision`
  ADD PRIMARY KEY (`idvision`);

--
-- AUTO_INCREMENT de las tablas volcadas
--

--
-- AUTO_INCREMENT de la tabla `carrusel`
--
ALTER TABLE `carrusel`
  MODIFY `idCarrusel` int(11) NOT NULL AUTO_INCREMENT;

--
-- AUTO_INCREMENT de la tabla `categoria`
--
ALTER TABLE `categoria`
  MODIFY `idCategoria` int(11) NOT NULL AUTO_INCREMENT, AUTO_INCREMENT=11;

--
-- AUTO_INCREMENT de la tabla `cita`
--
ALTER TABLE `cita`
  MODIFY `idCita` int(11) NOT NULL AUTO_INCREMENT;

--
-- AUTO_INCREMENT de la tabla `compras`
--
ALTER TABLE `compras`
  MODIFY `idCompras` int(11) NOT NULL AUTO_INCREMENT, AUTO_INCREMENT=4;

--
-- AUTO_INCREMENT de la tabla `contacto`
--
ALTER TABLE `contacto`
  MODIFY `idContacto` int(11) NOT NULL AUTO_INCREMENT;

--
-- AUTO_INCREMENT de la tabla `detallecompra`
--
ALTER TABLE `detallecompra`
  MODIFY `idDetalleCompra` int(11) NOT NULL AUTO_INCREMENT;

--
-- AUTO_INCREMENT de la tabla `detallemascotacliente`
--
ALTER TABLE `detallemascotacliente`
  MODIFY `idDetalleMascotaCliente` int(11) NOT NULL AUTO_INCREMENT;

--
-- AUTO_INCREMENT de la tabla `detalleproveedormarca`
--
ALTER TABLE `detalleproveedormarca`
  MODIFY `idDetalleProveedorMarca` int(11) NOT NULL AUTO_INCREMENT;

--
-- AUTO_INCREMENT de la tabla `detallevacunamascota`
--
ALTER TABLE `detallevacunamascota`
  MODIFY `idDetalleVacunaMascota` int(11) NOT NULL AUTO_INCREMENT;

--
-- AUTO_INCREMENT de la tabla `especieproducto`
--
ALTER TABLE `especieproducto`
  MODIFY `idEspecieProducto` int(11) NOT NULL AUTO_INCREMENT, AUTO_INCREMENT=3;

--
-- AUTO_INCREMENT de la tabla `estado`
--
ALTER TABLE `estado`
  MODIFY `idEstado` int(11) NOT NULL AUTO_INCREMENT;

--
-- AUTO_INCREMENT de la tabla `formapago`
--
ALTER TABLE `formapago`
  MODIFY `idFormaPago` int(11) NOT NULL AUTO_INCREMENT;

--
-- AUTO_INCREMENT de la tabla `horario`
--
ALTER TABLE `horario`
  MODIFY `idhorario` int(11) NOT NULL AUTO_INCREMENT;

--
-- AUTO_INCREMENT de la tabla `marca`
--
ALTER TABLE `marca`
  MODIFY `idMarca` int(11) NOT NULL AUTO_INCREMENT, AUTO_INCREMENT=3;

--
-- AUTO_INCREMENT de la tabla `mascota`
--
ALTER TABLE `mascota`
  MODIFY `idMascota` int(11) NOT NULL AUTO_INCREMENT;

--
-- AUTO_INCREMENT de la tabla `mision`
--
ALTER TABLE `mision`
  MODIFY `idmision` int(11) NOT NULL AUTO_INCREMENT;

--
-- AUTO_INCREMENT de la tabla `preguntaseguridad`
--
ALTER TABLE `preguntaseguridad`
  MODIFY `idPreguntaSeguridad` int(11) NOT NULL AUTO_INCREMENT;

--
-- AUTO_INCREMENT de la tabla `presentacion`
--
ALTER TABLE `presentacion`
  MODIFY `idPresentacion` int(11) NOT NULL AUTO_INCREMENT, AUTO_INCREMENT=3;

--
-- AUTO_INCREMENT de la tabla `quienessomos`
--
ALTER TABLE `quienessomos`
  MODIFY `idquienesSomos` int(11) NOT NULL AUTO_INCREMENT;

--
-- AUTO_INCREMENT de la tabla `raza`
--
ALTER TABLE `raza`
  MODIFY `idraza` int(11) NOT NULL AUTO_INCREMENT;

--
-- AUTO_INCREMENT de la tabla `respuesta`
--
ALTER TABLE `respuesta`
  MODIFY `idRespuesta` int(11) NOT NULL AUTO_INCREMENT;

--
-- AUTO_INCREMENT de la tabla `rol`
--
ALTER TABLE `rol`
  MODIFY `idRol` int(11) NOT NULL AUTO_INCREMENT, AUTO_INCREMENT=5;

--
-- AUTO_INCREMENT de la tabla `servicio`
--
ALTER TABLE `servicio`
  MODIFY `idServicio` int(11) NOT NULL AUTO_INCREMENT, AUTO_INCREMENT=5216557;

--
-- AUTO_INCREMENT de la tabla `tipodocumento`
--
ALTER TABLE `tipodocumento`
  MODIFY `idTipoDocumento` int(11) NOT NULL AUTO_INCREMENT, AUTO_INCREMENT=8;

--
-- AUTO_INCREMENT de la tabla `tipomascota`
--
ALTER TABLE `tipomascota`
  MODIFY `idTipoMascota` int(11) NOT NULL AUTO_INCREMENT;

--
-- AUTO_INCREMENT de la tabla `tiposervicio`
--
ALTER TABLE `tiposervicio`
  MODIFY `idTipoServicio` int(11) NOT NULL AUTO_INCREMENT, AUTO_INCREMENT=4;

--
-- AUTO_INCREMENT de la tabla `unidadmedida`
--
ALTER TABLE `unidadmedida`
  MODIFY `idUnidadMedida` int(11) NOT NULL AUTO_INCREMENT, AUTO_INCREMENT=3;

--
-- AUTO_INCREMENT de la tabla `usuario`
--
ALTER TABLE `usuario`
  MODIFY `idUsuario` int(11) NOT NULL AUTO_INCREMENT, AUTO_INCREMENT=29;

--
-- AUTO_INCREMENT de la tabla `venta`
--
ALTER TABLE `venta`
  MODIFY `idFactura` int(11) NOT NULL AUTO_INCREMENT;

--
-- AUTO_INCREMENT de la tabla `vision`
--
ALTER TABLE `vision`
  MODIFY `idvision` int(11) NOT NULL AUTO_INCREMENT;

--
-- Restricciones para tablas volcadas
--

--
-- Filtros para la tabla `cita`
--
ALTER TABLE `cita`
  ADD CONSTRAINT `fk_Cita_DetalleMascotaCliente` FOREIGN KEY (`idDetalleMascotaCliente`) REFERENCES `detallemascotacliente` (`idDetalleMascotaCliente`) ON DELETE NO ACTION ON UPDATE CASCADE,
  ADD CONSTRAINT `fk_Cita_Estado` FOREIGN KEY (`idEstado`) REFERENCES `estado` (`idEstado`) ON DELETE NO ACTION ON UPDATE NO ACTION,
  ADD CONSTRAINT `fk_Cita_Servicio` FOREIGN KEY (`servicio`) REFERENCES `servicio` (`idServicio`) ON DELETE NO ACTION ON UPDATE NO ACTION;

--
-- Filtros para la tabla `cliente`
--
ALTER TABLE `cliente`
  ADD CONSTRAINT `fk_Cliente_TipoDocumento1` FOREIGN KEY (`TipoDocumento`) REFERENCES `tipodocumento` (`idTipoDocumento`) ON UPDATE CASCADE;

--
-- Filtros para la tabla `compras`
--
ALTER TABLE `compras`
  ADD CONSTRAINT `fk_Compras_Proveedor1` FOREIGN KEY (`documentoProveedor`) REFERENCES `proveedor` (`documento`) ON UPDATE CASCADE;

--
-- Filtros para la tabla `detallecompra`
--
ALTER TABLE `detallecompra`
  ADD CONSTRAINT `fk_DetalleCompra_Compras1` FOREIGN KEY (`idCompra`) REFERENCES `compras` (`idCompras`) ON UPDATE CASCADE,
  ADD CONSTRAINT `fk_DetalleCompra_Producto1` FOREIGN KEY (`idProducto`) REFERENCES `producto` (`idProducto`) ON DELETE NO ACTION ON UPDATE CASCADE;

--
-- Filtros para la tabla `detallemascotacliente`
--
ALTER TABLE `detallemascotacliente`
  ADD CONSTRAINT `fk_DetalleMascotaCliente_Cliente1` FOREIGN KEY (`documentoCliente`) REFERENCES `cliente` (`documento`) ON UPDATE CASCADE,
  ADD CONSTRAINT `fk_DetalleMascotaCliente_Mascota1` FOREIGN KEY (`idMascota`) REFERENCES `mascota` (`idMascota`) ON UPDATE CASCADE;

--
-- Filtros para la tabla `detalleproveedormarca`
--
ALTER TABLE `detalleproveedormarca`
  ADD CONSTRAINT `fk_DetalleProveedorMarca_Marca1` FOREIGN KEY (`idMarca`) REFERENCES `marca` (`idMarca`) ON UPDATE CASCADE,
  ADD CONSTRAINT `fk_DetalleProveedorMarca_Proveedor1` FOREIGN KEY (`documentoProveedor`) REFERENCES `proveedor` (`documento`) ON UPDATE CASCADE;

--
-- Filtros para la tabla `detallevacunamascota`
--
ALTER TABLE `detallevacunamascota`
  ADD CONSTRAINT `fk_DetalleVacunaMascota_Mascota` FOREIGN KEY (`idMascota`) REFERENCES `mascota` (`idMascota`) ON UPDATE CASCADE,
  ADD CONSTRAINT `fk_DetalleVacunaMascota_Producto` FOREIGN KEY (`idVacuna`) REFERENCES `producto` (`idProducto`) ON DELETE NO ACTION ON UPDATE CASCADE;

--
-- Filtros para la tabla `detalleventaproducto`
--
ALTER TABLE `detalleventaproducto`
  ADD CONSTRAINT `Fk_detalleproductofactura_Producto` FOREIGN KEY (`producto`) REFERENCES `producto` (`idProducto`) ON DELETE NO ACTION ON UPDATE CASCADE,
  ADD CONSTRAINT `fk_detalleproductofactura_Factura` FOREIGN KEY (`factura`) REFERENCES `venta` (`idFactura`) ON UPDATE CASCADE;

--
-- Filtros para la tabla `mascota`
--
ALTER TABLE `mascota`
  ADD CONSTRAINT `fk_Mascota_Raza` FOREIGN KEY (`idraza`) REFERENCES `raza` (`idraza`) ON UPDATE CASCADE,
  ADD CONSTRAINT `fk_Mascota_TipoMascota` FOREIGN KEY (`idTipoMascota`) REFERENCES `tipomascota` (`idTipoMascota`) ON UPDATE CASCADE;

--
-- Filtros para la tabla `producto`
--
ALTER TABLE `producto`
  ADD CONSTRAINT `fk_Producto_Categoria` FOREIGN KEY (`idCategoria`) REFERENCES `categoria` (`idCategoria`) ON UPDATE CASCADE,
  ADD CONSTRAINT `fk_Producto_Marca` FOREIGN KEY (`marca`) REFERENCES `marca` (`idMarca`) ON UPDATE CASCADE,
  ADD CONSTRAINT `fk_Producto_Presentacion` FOREIGN KEY (`idPresentacion`) REFERENCES `presentacion` (`idPresentacion`) ON UPDATE CASCADE,
  ADD CONSTRAINT `fk_Producto_UnidadMedida1` FOREIGN KEY (`idUnidadMedida`) REFERENCES `unidadmedida` (`idUnidadMedida`) ON UPDATE CASCADE,
  ADD CONSTRAINT `fk_producto_especieproducto1` FOREIGN KEY (`idEspecieProducto`) REFERENCES `especieproducto` (`idEspecieProducto`) ON UPDATE CASCADE;

--
-- Filtros para la tabla `proveedor`
--
ALTER TABLE `proveedor`
  ADD CONSTRAINT `fk_Proveedor_TipoDocumento1` FOREIGN KEY (`idTipoDocumento`) REFERENCES `tipodocumento` (`idTipoDocumento`) ON UPDATE CASCADE;

--
-- Filtros para la tabla `respuesta`
--
ALTER TABLE `respuesta`
  ADD CONSTRAINT `fk_Respuesta_PreguntaSeguridad1` FOREIGN KEY (`idPreguntaSeguridad`) REFERENCES `preguntaseguridad` (`idPreguntaSeguridad`) ON UPDATE CASCADE,
  ADD CONSTRAINT `fk_Respuesta_Usuario1` FOREIGN KEY (`idUsuario`) REFERENCES `usuario` (`idUsuario`) ON UPDATE CASCADE;

--
-- Filtros para la tabla `servicio`
--
ALTER TABLE `servicio`
  ADD CONSTRAINT `fk_Servicio_TipoServicio` FOREIGN KEY (`idTipoServicio`) REFERENCES `tiposervicio` (`idTipoServicio`) ON UPDATE CASCADE;

--
-- Filtros para la tabla `usuario`
--
ALTER TABLE `usuario`
  ADD CONSTRAINT `fk_Usuario_Rol` FOREIGN KEY (`idRol`) REFERENCES `rol` (`idRol`) ON UPDATE CASCADE;

--
-- Filtros para la tabla `venta`
--
ALTER TABLE `venta`
  ADD CONSTRAINT `fk_Factura_Cliente` FOREIGN KEY (`documentoCliente`) REFERENCES `cliente` (`documento`) ON UPDATE CASCADE,
  ADD CONSTRAINT `fk_Factura_FormaPago` FOREIGN KEY (`formaPago`) REFERENCES `formapago` (`idFormaPago`) ON UPDATE CASCADE,
  ADD CONSTRAINT `fk_Factura_Vendedor` FOREIGN KEY (`vendedor`) REFERENCES `usuario` (`idUsuario`) ON UPDATE CASCADE;
COMMIT;

/*!40101 SET CHARACTER_SET_CLIENT=@OLD_CHARACTER_SET_CLIENT */;
/*!40101 SET CHARACTER_SET_RESULTS=@OLD_CHARACTER_SET_RESULTS */;
/*!40101 SET COLLATION_CONNECTION=@OLD_COLLATION_CONNECTION */;
