-- phpMyAdmin SQL Dump
-- version 5.0.2
-- https://www.phpmyadmin.net/
--
-- Servidor: localhost
-- Tiempo de generación: 18-10-2020 a las 22:57:37
-- Versión del servidor: 10.4.14-MariaDB
-- Versión de PHP: 7.4.10

SET SQL_MODE = "NO_AUTO_VALUE_ON_ZERO";
START TRANSACTION;
SET time_zone = "+00:00";


/*!40101 SET @OLD_CHARACTER_SET_CLIENT=@@CHARACTER_SET_CLIENT */;
/*!40101 SET @OLD_CHARACTER_SET_RESULTS=@@CHARACTER_SET_RESULTS */;
/*!40101 SET @OLD_COLLATION_CONNECTION=@@COLLATION_CONNECTION */;
/*!40101 SET NAMES utf8mb4 */;

--
-- Base de datos: `tiendadb`
--

-- --------------------------------------------------------

--
-- Estructura de tabla para la tabla `carrusel`
--

CREATE TABLE `carrusel` (
  `idCarrusel` int(11) NOT NULL,
  `ruta` varchar(45) NOT NULL
) ENGINE=InnoDB DEFAULT CHARSET=utf8;

-- --------------------------------------------------------

--
-- Estructura de tabla para la tabla `categoria`
--

CREATE TABLE `categoria` (
  `idCategoria` int(11) NOT NULL,
  `descripcion` varchar(45) NOT NULL
) ENGINE=InnoDB DEFAULT CHARSET=utf8;

--
-- Volcado de datos para la tabla `categoria`
--

INSERT INTO `categoria` (`idCategoria`, `descripcion`) VALUES
(1, 'Vacuna'),
(2, 'Alimento'),
(3, 'Acesorios'),
(4, 'Otro'),
(10, 'Medicamento'),
(11, 'Otra');

-- --------------------------------------------------------

--
-- Estructura de tabla para la tabla `cita`
--

CREATE TABLE `cita` (
  `idCita` int(11) NOT NULL,
  `servicio` int(11) NOT NULL,
  `fechaCita` date NOT NULL,
  `HoraCita` time NOT NULL,
  `observaciones` varchar(45) NOT NULL,
  `idEstado` int(11) NOT NULL,
  `precio` int(11) DEFAULT NULL,
  `idDetalleMascotaCliente` int(11) NOT NULL
) ENGINE=InnoDB DEFAULT CHARSET=utf8;

-- --------------------------------------------------------

--
-- Estructura de tabla para la tabla `ci_sessions`
--

CREATE TABLE `ci_sessions` (
  `id` varchar(128) NOT NULL,
  `ip_address` varchar(45) NOT NULL,
  `timestamp` int(10) UNSIGNED NOT NULL DEFAULT 0,
  `data` blob NOT NULL
) ENGINE=InnoDB DEFAULT CHARSET=utf8;

--
-- Volcado de datos para la tabla `ci_sessions`
--

INSERT INTO `ci_sessions` (`id`, `ip_address`, `timestamp`, `data`) VALUES
('5898db0ea397448dedfbeaa2e46761f2609cd512', '::1', 1602956739, 0x5f5f63695f6c6173745f726567656e65726174657c693a313630323935363733393b6572726f727265737075657374617c733a32383a224c6120726573707565737461206e6f20657320636f7272656374612e223b5f5f63695f766172737c613a313a7b733a31343a226572726f72726573707565737461223b733a333a226f6c64223b7d),
('5869f9d4b916a85d725d68c58c6d6dd9ff1a341b', '::1', 1602957050, 0x5f5f63695f6c6173745f726567656e65726174657c693a313630323935373035303b69645573756172696f7c733a323a223538223b6e6f6d6272657c733a31323a224a6f616e20426f6c69766172223b65737461646f7c733a313a2231223b6964526f6c7c733a313a2231223b6c6f67696e7c623a313b),
('2d29914fe80101ae7a0b4dedb78dd6a50bdafd18', '::1', 1602957581, 0x5f5f63695f6c6173745f726567656e65726174657c693a313630323935373538313b69645573756172696f7c733a323a223538223b6e6f6d6272657c733a31323a224a6f616e20426f6c69766172223b65737461646f7c733a313a2231223b6964526f6c7c733a313a2231223b6c6f67696e7c623a313b),
('c3bf5988fbe0763cd8440fcc2b9173f8acbc9142', '::1', 1602958969, 0x5f5f63695f6c6173745f726567656e65726174657c693a313630323935383936393b),
('dc46616dfc14242e72c8836ef47f0d3c576a2a30', '::1', 1602959314, 0x5f5f63695f6c6173745f726567656e65726174657c693a313630323935393331343b),
('7fb3d0661ece5b242f6694fb47a944000edff4c3', '::1', 1602960003, 0x5f5f63695f6c6173745f726567656e65726174657c693a313630323936303030333b),
('6450439b8e87b54ada5f43b75ebf071bde551bab', '::1', 1602960341, 0x5f5f63695f6c6173745f726567656e65726174657c693a313630323936303334313b),
('68333b002eefbe8ea25ef34f2a34f0991af1dcf4', '::1', 1602960777, 0x5f5f63695f6c6173745f726567656e65726174657c693a313630323936303737373b),
('37a00e0c63d38c53bd8d190b6d8af45844e534dc', '::1', 1602961606, 0x5f5f63695f6c6173745f726567656e65726174657c693a313630323936313630363b),
('305bdff1a5fc4128e9e1432ded689e36a9ba3d60', '::1', 1602961916, 0x5f5f63695f6c6173745f726567656e65726174657c693a313630323936313931363b),
('a25ac2609d2deb32316208749f7d3563be171802', '::1', 1602962504, 0x5f5f63695f6c6173745f726567656e65726174657c693a313630323936323530343b),
('3210076f14394cc3746a75117246a26544c66741', '::1', 1602962805, 0x5f5f63695f6c6173745f726567656e65726174657c693a313630323936323830353b),
('5a512b173b0cb18f463d643386a04d887e03070e', '::1', 1602963108, 0x5f5f63695f6c6173745f726567656e65726174657c693a313630323936333130383b),
('2d382747bc0651f51b916c188c5a93cfa298749a', '::1', 1602963427, 0x5f5f63695f6c6173745f726567656e65726174657c693a313630323936333432373b),
('0c973826748d46735b5114b14a3f383c4b2ed487', '::1', 1602964562, 0x5f5f63695f6c6173745f726567656e65726174657c693a313630323936343536323b),
('95bd42f15128da90f3c416654ea2f6878b77e274', '::1', 1602964965, 0x5f5f63695f6c6173745f726567656e65726174657c693a313630323936343936353b),
('44ef877483c89e42656eb8395f1b24cf72d142fd', '::1', 1602965494, 0x5f5f63695f6c6173745f726567656e65726174657c693a313630323936353439343b766572696669636163696f6e7573756172696f7c733a36333a2245737465206e6f6d627265206465207573756172696f206e6f20657374c3a1207265676973747261646f20656e206c612062617365206465206461746f732e223b5f5f63695f766172737c613a313a7b733a31393a22766572696669636163696f6e7573756172696f223b733a333a226e6577223b7d),
('6f9d439234d9567079304945de7d08fab8c650ae', '::1', 1602965796, 0x5f5f63695f6c6173745f726567656e65726174657c693a313630323936353739363b),
('eab9cd1c9b8cf26681a3c85c839d9ce1a000e5fd', '::1', 1602966164, 0x5f5f63695f6c6173745f726567656e65726174657c693a313630323936363136343b766572696669636163696f6e7573756172696f7c733a36333a2245737465206e6f6d627265206465207573756172696f206e6f20657374c3a1207265676973747261646f20656e206c612062617365206465206461746f732e223b5f5f63695f766172737c613a313a7b733a31393a22766572696669636163696f6e7573756172696f223b733a333a226f6c64223b7d),
('2a5687a60e074f167fb12024168c31259ea0f4d6', '::1', 1602966516, 0x5f5f63695f6c6173745f726567656e65726174657c693a313630323936363531363b),
('00ab54f9de90b477d4c413d7eebe0b2201e33f01', '::1', 1602966863, 0x5f5f63695f6c6173745f726567656e65726174657c693a313630323936363836333b),
('f34dcbd036cb401f2948c8f86334f31cec3a84ac', '::1', 1602967164, 0x5f5f63695f6c6173745f726567656e65726174657c693a313630323936373136343b),
('2cf42d2716c79d31c3e46139036704b36fa57050', '::1', 1602967476, 0x5f5f63695f6c6173745f726567656e65726174657c693a313630323936373437363b),
('99546f572f447d284a05d4f23202300529b6a623', '::1', 1602967882, 0x5f5f63695f6c6173745f726567656e65726174657c693a313630323936373838323b),
('973fa65028106e1cf59c3c3dfc20fc09dbd03358', '::1', 1602968211, 0x5f5f63695f6c6173745f726567656e65726174657c693a313630323936383231313b69645573756172696f7c733a323a223630223b6e6f6d6272657c733a31333a224564756172646f20506572657a223b65737461646f7c733a313a2231223b6964526f6c7c733a313a2232223b6c6f67696e7c623a313b),
('0e9d4957fb7de50de155f05044308b7d9d52f8d8', '::1', 1602968527, 0x5f5f63695f6c6173745f726567656e65726174657c693a313630323936383532373b69645573756172696f7c733a323a223630223b6e6f6d6272657c733a31333a224564756172646f20506572657a223b65737461646f7c733a313a2231223b6964526f6c7c733a313a2232223b6c6f67696e7c623a313b),
('53897628f4f88482dc9c651a652826ea95891687', '::1', 1602969650, 0x5f5f63695f6c6173745f726567656e65726174657c693a313630323936393635303b69645573756172696f7c733a323a223631223b6e6f6d6272657c733a393a2246726564792047696c223b65737461646f7c733a313a2231223b6964526f6c7c733a313a2232223b6c6f67696e7c623a313b61757468696e6963696f736573696f6e7c733a393a2246726564792047696c223b5f5f63695f766172737c613a313a7b733a31363a2261757468696e6963696f736573696f6e223b733a333a226f6c64223b7d),
('06c02d57adaeef5e6e70deac330716e204a2db34', '::1', 1602970106, 0x5f5f63695f6c6173745f726567656e65726174657c693a313630323937303130363b),
('e61d25f06e3a78b4a76a5c4441d6f79119f3501f', '::1', 1602970507, 0x5f5f63695f6c6173745f726567656e65726174657c693a313630323937303530373b),
('30aa16386375d17254bf0a6a48a9b2b76059ac41', '::1', 1602971202, 0x5f5f63695f6c6173745f726567656e65726174657c693a313630323937313230323b6572726f727265737075657374617c733a32383a224c6120726573707565737461206e6f20657320636f7272656374612e223b5f5f63695f766172737c613a313a7b733a31343a226572726f72726573707565737461223b733a333a226f6c64223b7d),
('ac6fd56c767ee21f70a7de5df9f55236e01ba453', '::1', 1602971686, 0x5f5f63695f6c6173745f726567656e65726174657c693a313630323937313638363b),
('502fb65099915bfddc2be6cb870ff221b0e31ce8', '::1', 1602972073, 0x5f5f63695f6c6173745f726567656e65726174657c693a313630323937323037333b),
('da9cc3eacf6a4d642d6d1f486de374305acb1b7d', '::1', 1602972381, 0x5f5f63695f6c6173745f726567656e65726174657c693a313630323937323338313b),
('7a7ecd36b92135be15298248fca4efc29280bd4c', '::1', 1602972689, 0x5f5f63695f6c6173745f726567656e65726174657c693a313630323937323638393b),
('e63a4c42a0851e1bdf82807ca67c9edc399215bb', '::1', 1602977742, 0x5f5f63695f6c6173745f726567656e65726174657c693a313630323937373734323b),
('af742dcb468c51b0c84e8a2e8b7654b83387460a', '::1', 1602978043, 0x5f5f63695f6c6173745f726567656e65726174657c693a313630323937383034333b),
('58343feaac80e39593d2fa31886764d1027635e6', '::1', 1602978372, 0x5f5f63695f6c6173745f726567656e65726174657c693a313630323937383337323b),
('5dd983758bd3e7d1b91a0e1f20d4d9ec359e893d', '::1', 1602979059, 0x5f5f63695f6c6173745f726567656e65726174657c693a313630323937393035393b),
('0618829b5f5b6efad90885b8f639aa700ae5faa0', '::1', 1602979656, 0x5f5f63695f6c6173745f726567656e65726174657c693a313630323937393635363b69645573756172696f7c733a323a223538223b6e6f6d6272657c733a31323a224a6f616e20426f6c69766172223b65737461646f7c733a313a2231223b6964526f6c7c733a313a2231223b6c6f67696e7c623a313b61757468696e6963696f736573696f6e7c733a31323a224a6f616e20426f6c69766172223b5f5f63695f766172737c613a313a7b733a31363a2261757468696e6963696f736573696f6e223b733a333a226e6577223b7d),
('79d2a59702070906f19ba4bbfe4edd47964533e2', '::1', 1602980361, 0x5f5f63695f6c6173745f726567656e65726174657c693a313630323938303336313b69645573756172696f7c733a323a223538223b6e6f6d6272657c733a31323a224a6f616e20426f6c69766172223b65737461646f7c733a313a2231223b6964526f6c7c733a313a2231223b6c6f67696e7c623a313b61757468696e6963696f736573696f6e7c733a31323a224a6f616e20426f6c69766172223b5f5f63695f766172737c613a313a7b733a31363a2261757468696e6963696f736573696f6e223b733a333a226e6577223b7d),
('d0832a219224bbe31415b0291a80c5ef2dd71c33', '::1', 1602980711, 0x5f5f63695f6c6173745f726567656e65726174657c693a313630323938303731313b69645573756172696f7c733a323a223538223b6e6f6d6272657c733a31323a224a6f616e20426f6c69766172223b65737461646f7c733a313a2231223b6964526f6c7c733a313a2231223b6c6f67696e7c623a313b7c4e3b61757468696e6963696f736573696f6e7c733a31323a224a6f616e20426f6c69766172223b5f5f63695f766172737c613a313a7b733a31363a2261757468696e6963696f736573696f6e223b733a333a226f6c64223b7d),
('b8f88bd703993d89b7b662603f347f80356bc7bf', '::1', 1602981961, 0x5f5f63695f6c6173745f726567656e65726174657c693a313630323938313936313b5f5f63695f766172737c613a313a7b733a31363a2261757468696e6963696f736573696f6e223b733a333a226f6c64223b7d69645573756172696f7c733a323a223539223b6e6f6d6272657c733a32383a224d61726961204665726e616e64612050c3a972657a20477565727261223b65737461646f7c733a313a2231223b6964526f6c7c733a313a2231223b6c6f67696e7c623a313b61757468696e6963696f736573696f6e7c733a32383a224d61726961204665726e616e64612050c3a972657a20477565727261223b7c4e3b),
('0cf7f92229595dfebd99d6b046aff4707824a9dc', '::1', 1602982766, 0x5f5f63695f6c6173745f726567656e65726174657c693a313630323938323637303b69645573756172696f7c733a323a223539223b6e6f6d6272657c733a32383a224d61726961204665726e616e64612050c3a972657a20477565727261223b65737461646f7c733a313a2231223b6964526f6c7c733a313a2231223b6c6f67696e7c623a313b61757468696e6963696f736573696f6e7c733a32383a224d61726961204665726e616e64612050c3a972657a20477565727261223b5f5f63695f766172737c613a313a7b733a31363a2261757468696e6963696f736573696f6e223b733a333a226e6577223b7d),
('6504dd1d4a18a5d53ef02dfe78ea4adfe2cbd4b6', '::1', 1602991176, 0x5f5f63695f6c6173745f726567656e65726174657c693a313630323939313137363b69645573756172696f7c733a323a223539223b6e6f6d6272657c733a32383a224d61726961204665726e616e64612050c3a972657a20477565727261223b65737461646f7c733a313a2231223b6964526f6c7c733a313a2231223b6c6f67696e7c623a313b61757468696e6963696f736573696f6e7c733a32383a224d61726961204665726e616e64612050c3a972657a20477565727261223b5f5f63695f766172737c613a313a7b733a31363a2261757468696e6963696f736573696f6e223b733a333a226e6577223b7d),
('5f12c5b0c3ae2a5567aa78943cb36302487fc028', '::1', 1602998857, 0x5f5f63695f6c6173745f726567656e65726174657c693a313630323939383835373b69645573756172696f7c733a323a223539223b6e6f6d6272657c733a32383a224d61726961204665726e616e64612050c3a972657a20477565727261223b65737461646f7c733a313a2231223b6964526f6c7c733a313a2231223b6c6f67696e7c623a313b61757468696e6963696f736573696f6e7c733a32383a224d61726961204665726e616e64612050c3a972657a20477565727261223b5f5f63695f766172737c613a313a7b733a31363a2261757468696e6963696f736573696f6e223b733a333a226f6c64223b7d),
('6c895ec8a25ef58c6db78d501d3ae3465979513f', '::1', 1602999760, 0x5f5f63695f6c6173745f726567656e65726174657c693a313630323939393736303b69645573756172696f7c733a323a223539223b6e6f6d6272657c733a32383a224d61726961204665726e616e64612050c3a972657a20477565727261223b65737461646f7c733a313a2231223b6964526f6c7c733a313a2231223b6c6f67696e7c623a313b61757468696e6963696f736573696f6e7c733a32383a224d61726961204665726e616e64612050c3a972657a20477565727261223b5f5f63695f766172737c613a313a7b733a31363a2261757468696e6963696f736573696f6e223b733a333a226e6577223b7d),
('1d1c5dafbb214c23e200a9ac9e9b8be3ea107554', '::1', 1603000115, 0x5f5f63695f6c6173745f726567656e65726174657c693a313630333030303131353b69645573756172696f7c733a323a223539223b6e6f6d6272657c733a32383a224d61726961204665726e616e64612050c3a972657a20477565727261223b65737461646f7c733a313a2231223b6964526f6c7c733a313a2231223b6c6f67696e7c623a313b61757468696e6963696f736573696f6e7c733a32383a224d61726961204665726e616e64612050c3a972657a20477565727261223b5f5f63695f766172737c613a313a7b733a31363a2261757468696e6963696f736573696f6e223b733a333a226e6577223b7d),
('e2a193d337ea5ccc342dcca78210a7d07ce976f2', '::1', 1603000516, 0x5f5f63695f6c6173745f726567656e65726174657c693a313630333030303531363b69645573756172696f7c733a323a223539223b6e6f6d6272657c733a32383a224d61726961204665726e616e64612050c3a972657a20477565727261223b65737461646f7c733a313a2231223b6964526f6c7c733a313a2231223b6c6f67696e7c623a313b61757468696e6963696f736573696f6e7c733a32383a224d61726961204665726e616e64612050c3a972657a20477565727261223b5f5f63695f766172737c613a313a7b733a31363a2261757468696e6963696f736573696f6e223b733a333a226e6577223b7d),
('e151fa39f25581bb2ba67ebe733b9deb950dfbeb', '::1', 1603000857, 0x5f5f63695f6c6173745f726567656e65726174657c693a313630333030303835373b69645573756172696f7c733a323a223539223b6e6f6d6272657c733a32383a224d61726961204665726e616e64612050c3a972657a20477565727261223b65737461646f7c733a313a2231223b6964526f6c7c733a313a2231223b6c6f67696e7c623a313b61757468696e6963696f736573696f6e7c733a32383a224d61726961204665726e616e64612050c3a972657a20477565727261223b5f5f63695f766172737c613a313a7b733a31363a2261757468696e6963696f736573696f6e223b733a333a226e6577223b7d),
('056dccccd4b81e798aeff449e3ad7bd05ddc26a4', '::1', 1603001356, 0x5f5f63695f6c6173745f726567656e65726174657c693a313630333030313335363b69645573756172696f7c733a323a223539223b6e6f6d6272657c733a32383a224d61726961204665726e616e64612050c3a972657a20477565727261223b65737461646f7c733a313a2231223b6964526f6c7c733a313a2231223b6c6f67696e7c623a313b61757468696e6963696f736573696f6e7c733a32383a224d61726961204665726e616e64612050c3a972657a20477565727261223b5f5f63695f766172737c613a313a7b733a31363a2261757468696e6963696f736573696f6e223b733a333a226e6577223b7d),
('48a6f7414ab0c5d8c643f3199011444b8989feaf', '::1', 1603001741, 0x5f5f63695f6c6173745f726567656e65726174657c693a313630333030313734313b69645573756172696f7c733a323a223539223b6e6f6d6272657c733a32383a224d61726961204665726e616e64612050c3a972657a20477565727261223b65737461646f7c733a313a2231223b6964526f6c7c733a313a2231223b6c6f67696e7c623a313b61757468696e6963696f736573696f6e7c733a32383a224d61726961204665726e616e64612050c3a972657a20477565727261223b5f5f63695f766172737c613a313a7b733a31363a2261757468696e6963696f736573696f6e223b733a333a226e6577223b7d),
('5c7c1a31c9a7dc437b5b3473a4326a6bcff9d65f', '::1', 1603002470, 0x5f5f63695f6c6173745f726567656e65726174657c693a313630333030323437303b69645573756172696f7c733a323a223539223b6e6f6d6272657c733a32383a224d61726961204665726e616e64612050c3a972657a20477565727261223b65737461646f7c733a313a2231223b6964526f6c7c733a313a2231223b6c6f67696e7c623a313b61757468696e6963696f736573696f6e7c733a32383a224d61726961204665726e616e64612050c3a972657a20477565727261223b5f5f63695f766172737c613a313a7b733a31363a2261757468696e6963696f736573696f6e223b733a333a226e6577223b7d),
('329dec7b68e3a3a174b4b085817c16ca0e97c859', '::1', 1603002722, 0x5f5f63695f6c6173745f726567656e65726174657c693a313630333030323437303b69645573756172696f7c733a323a223539223b6e6f6d6272657c733a32383a224d61726961204665726e616e64612050c3a972657a20477565727261223b65737461646f7c733a313a2231223b6964526f6c7c733a313a2231223b6c6f67696e7c623a313b),
('d0268fe167c7c2c28dd4384042024c939a0c9cd5', '::1', 1603044931, 0x5f5f63695f6c6173745f726567656e65726174657c693a313630333034343933313b69645573756172696f7c733a323a223539223b6e6f6d6272657c733a32383a224d61726961204665726e616e64612050c3a972657a20477565727261223b65737461646f7c733a313a2231223b6964526f6c7c733a313a2231223b6c6f67696e7c623a313b61757468696e6963696f736573696f6e7c733a32383a224d61726961204665726e616e64612050c3a972657a20477565727261223b5f5f63695f766172737c613a313a7b733a31363a2261757468696e6963696f736573696f6e223b733a333a226e6577223b7d),
('e60c14cfdb07e226f860dde5140cab987d73e5c1', '::1', 1603045255, 0x5f5f63695f6c6173745f726567656e65726174657c693a313630333034353235353b69645573756172696f7c733a323a223539223b6e6f6d6272657c733a32383a224d61726961204665726e616e64612050c3a972657a20477565727261223b65737461646f7c733a313a2231223b6964526f6c7c733a313a2231223b6c6f67696e7c623a313b61757468696e6963696f736573696f6e7c733a32383a224d61726961204665726e616e64612050c3a972657a20477565727261223b5f5f63695f766172737c613a313a7b733a31363a2261757468696e6963696f736573696f6e223b733a333a226f6c64223b7d),
('460f6349c2e54b9b8a48aa42d113e46802a7a02f', '::1', 1603045739, 0x5f5f63695f6c6173745f726567656e65726174657c693a313630333034353733393b69645573756172696f7c733a323a223539223b6e6f6d6272657c733a32383a224d61726961204665726e616e64612050c3a972657a20477565727261223b65737461646f7c733a313a2231223b6964526f6c7c733a313a2231223b6c6f67696e7c623a313b61757468696e6963696f736573696f6e7c733a32383a224d61726961204665726e616e64612050c3a972657a20477565727261223b5f5f63695f766172737c613a313a7b733a31363a2261757468696e6963696f736573696f6e223b733a333a226e6577223b7d),
('951b8938d69a713502d52c11a299d705a27d5918', '::1', 1603046121, 0x5f5f63695f6c6173745f726567656e65726174657c693a313630333034363132313b69645573756172696f7c733a323a223539223b6e6f6d6272657c733a32383a224d61726961204665726e616e64612050c3a972657a20477565727261223b65737461646f7c733a313a2231223b6964526f6c7c733a313a2231223b6c6f67696e7c623a313b61757468696e6963696f736573696f6e7c733a32383a224d61726961204665726e616e64612050c3a972657a20477565727261223b5f5f63695f766172737c613a313a7b733a31363a2261757468696e6963696f736573696f6e223b733a333a226f6c64223b7d),
('e0b261bba08f7a0619004b4928903e0c6df750f8', '::1', 1603046533, 0x5f5f63695f6c6173745f726567656e65726174657c693a313630333034363533333b69645573756172696f7c733a323a223539223b6e6f6d6272657c733a32383a224d61726961204665726e616e64612050c3a972657a20477565727261223b65737461646f7c733a313a2231223b6964526f6c7c733a313a2231223b6c6f67696e7c623a313b61757468696e6963696f736573696f6e7c733a32383a224d61726961204665726e616e64612050c3a972657a20477565727261223b5f5f63695f766172737c613a313a7b733a31363a2261757468696e6963696f736573696f6e223b733a333a226f6c64223b7d),
('c33589c94773caec2587d52ef9b793e27c5c5dc4', '::1', 1603048769, 0x5f5f63695f6c6173745f726567656e65726174657c693a313630333034383736393b),
('6e1eae2d75c04d52ff5de8ab62290a4fda41729b', '::1', 1603049716, 0x5f5f63695f6c6173745f726567656e65726174657c693a313630333034393731363b),
('8146e11ded3378242722b7dfbd492c4c3c846093', '::1', 1603050267, 0x5f5f63695f6c6173745f726567656e65726174657c693a313630333035303236373b69645573756172696f7c733a323a223539223b6e6f6d6272657c733a32383a224d61726961204665726e616e64612050c3a972657a20477565727261223b65737461646f7c733a313a2231223b6964526f6c7c733a313a2231223b6c6f67696e7c623a313b6d736765737461626c6563657270726567756e74617c733a39383a2253752070726567756e746120646520736567757269646164206861207369646f2065737461626c656369646120657869746f73616d656e74652e205265637565726465206e6f206f6c7669646172206e756e6361207375207265737075657374612e223b5f5f63695f766172737c613a313a7b733a32313a226d736765737461626c6563657270726567756e7461223b733a333a226f6c64223b7d),
('621e9d9ad27ee4cb64d24c91c145a1afded45dc1', '::1', 1603052159, 0x5f5f63695f6c6173745f726567656e65726174657c693a313630333035323135393b69645573756172696f7c733a323a223539223b6e6f6d6272657c733a32383a224d61726961204665726e616e64612050c3a972657a20477565727261223b65737461646f7c733a313a2231223b6964526f6c7c733a313a2231223b6c6f67696e7c623a313b61757468696e6963696f736573696f6e7c733a32383a224d61726961204665726e616e64612050c3a972657a20477565727261223b5f5f63695f766172737c613a323a7b733a31363a2261757468696e6963696f736573696f6e223b733a333a226f6c64223b733a32313a226d736765737461626c6563657270726567756e7461223b733a333a226f6c64223b7d6d736765737461626c6563657270726567756e74617c733a39383a2253752070726567756e746120646520736567757269646164206861207369646f2065737461626c656369646120657869746f73616d656e74652e205265637565726465206e6f206f6c7669646172206e756e6361207375207265737075657374612e223b),
('1cfa43f73cbe73760baac18343008a65f2eb1ca9', '::1', 1603053222, 0x5f5f63695f6c6173745f726567656e65726174657c693a313630333035333232323b),
('6a63185f17705db1967237648c04442d171b93ce', '::1', 1603054355, 0x5f5f63695f6c6173745f726567656e65726174657c693a313630333035343335353b69645573756172696f7c733a323a223539223b6e6f6d6272657c733a32383a224d61726961204665726e616e64612050c3a972657a20477565727261223b65737461646f7c733a313a2231223b6964526f6c7c733a313a2231223b6c6f67696e7c623a313b61757468696e6963696f736573696f6e7c733a32383a224d61726961204665726e616e64612050c3a972657a20477565727261223b5f5f63695f766172737c613a313a7b733a31363a2261757468696e6963696f736573696f6e223b733a333a226e6577223b7d),
('6e5373534e03490084c810bce43f1ed3403a2f04', '::1', 1603054627, 0x5f5f63695f6c6173745f726567656e65726174657c693a313630333035343631393b69645573756172696f7c733a323a223633223b6e6f6d6272657c733a31373a225573756172696f2047656ec3a97269636f223b65737461646f7c733a313a2231223b6964526f6c7c733a313a2231223b6c6f67696e7c623a313b61757468696e6963696f736573696f6e7c733a31373a225573756172696f2047656ec3a97269636f223b5f5f63695f766172737c613a313a7b733a31363a2261757468696e6963696f736573696f6e223b733a333a226f6c64223b7d);

-- --------------------------------------------------------

--
-- Estructura de tabla para la tabla `cliente`
--

CREATE TABLE `cliente` (
  `TipoDocumento` int(11) NOT NULL,
  `documento` varchar(20) NOT NULL,
  `nombre` varchar(45) NOT NULL,
  `telefono` varchar(20) DEFAULT NULL,
  `celular` varchar(20) NOT NULL,
  `direccion` varchar(45) DEFAULT NULL,
  `correo` varchar(45) NOT NULL
) ENGINE=InnoDB DEFAULT CHARSET=utf8;

-- --------------------------------------------------------

--
-- Estructura de tabla para la tabla `compras`
--

CREATE TABLE `compras` (
  `idCompras` int(11) NOT NULL,
  `documentoProveedor` varchar(45) NOT NULL,
  `facturaProveedor` varchar(45) NOT NULL,
  `fechaFacturaProveedor` date NOT NULL,
  `fechaRegistroCompra` date NOT NULL,
  `estado` varchar(20) NOT NULL
) ENGINE=InnoDB DEFAULT CHARSET=utf8;

--
-- Volcado de datos para la tabla `compras`
--

INSERT INTO `compras` (`idCompras`, `documentoProveedor`, `facturaProveedor`, `fechaFacturaProveedor`, `fechaRegistroCompra`, `estado`) VALUES
(1, 'nj8900', '2008', '2020-08-05', '2020-10-13', '1'),
(2, 'nj8900', '1995', '2020-09-05', '2020-10-13', '1'),
(3, 'nj8900', '911', '2020-10-14', '2020-10-14', '1'),
(4, 'nj8900', '895', '2020-10-16', '2020-10-14', '1'),
(5, 'nj8900', 's', '2020-09-30', '2020-10-14', '1'),
(6, 'nj8900', '895', '2020-10-10', '2020-10-14', '1');

-- --------------------------------------------------------

--
-- Estructura de tabla para la tabla `contacto`
--

CREATE TABLE `contacto` (
  `idContacto` int(11) NOT NULL,
  `direccion` varchar(45) NOT NULL,
  `telefono` varchar(15) NOT NULL,
  `correo` varchar(45) NOT NULL
) ENGINE=InnoDB DEFAULT CHARSET=utf8;

-- --------------------------------------------------------

--
-- Estructura de tabla para la tabla `detallecompra`
--

CREATE TABLE `detallecompra` (
  `idDetalleCompra` int(11) NOT NULL,
  `idCompra` int(11) NOT NULL,
  `idProducto` varchar(45) NOT NULL,
  `cantidad` int(11) NOT NULL,
  `costoProducto` int(11) NOT NULL,
  `iva` int(11) NOT NULL
) ENGINE=InnoDB DEFAULT CHARSET=utf8;

--
-- Volcado de datos para la tabla `detallecompra`
--

INSERT INTO `detallecompra` (`idDetalleCompra`, `idCompra`, `idProducto`, `cantidad`, `costoProducto`, `iva`) VALUES
(305, 1, '9820', 8, 3500, 0),
(306, 1, '2032', 11, 1250, 0),
(307, 1, 'P2035', 25, 2500, 19),
(308, 1, '9820', 8, 3500, 0),
(309, 1, 'P2035', 25, 2500, 19),
(310, 1, '2032', 11, 1250, 0),
(358, 2, '789', 8, 2000, 0),
(359, 2, '2032', 8, 1000, 0);

-- --------------------------------------------------------

--
-- Estructura de tabla para la tabla `detallemascotacliente`
--

CREATE TABLE `detallemascotacliente` (
  `idDetalleMascotaCliente` int(11) NOT NULL,
  `idMascota` int(11) NOT NULL,
  `documentoCliente` varchar(20) NOT NULL
) ENGINE=InnoDB DEFAULT CHARSET=utf8;

-- --------------------------------------------------------

--
-- Estructura de tabla para la tabla `detalleproveedormarca`
--

CREATE TABLE `detalleproveedormarca` (
  `idDetalleProveedorMarca` int(11) NOT NULL,
  `documentoProveedor` varchar(45) NOT NULL,
  `idMarca` int(11) NOT NULL
) ENGINE=InnoDB DEFAULT CHARSET=utf8;

-- --------------------------------------------------------

--
-- Estructura de tabla para la tabla `detallevacunamascota`
--

CREATE TABLE `detallevacunamascota` (
  `idDetalleVacunaMascota` int(11) NOT NULL,
  `idMascota` int(11) NOT NULL,
  `idVacuna` varchar(45) NOT NULL,
  `dosis` int(11) NOT NULL,
  `fechaAplicacion` date NOT NULL,
  `fechaProxima` date NOT NULL,
  `observaciones` varchar(80) NOT NULL
) ENGINE=InnoDB DEFAULT CHARSET=utf8;

-- --------------------------------------------------------

--
-- Estructura de tabla para la tabla `detalleventaproducto`
--

CREATE TABLE `detalleventaproducto` (
  `idDetalleproductofactura` int(11) NOT NULL,
  `factura` int(11) NOT NULL,
  `producto` varchar(45) NOT NULL,
  `cantidad` int(11) NOT NULL,
  `precioVenta` int(11) NOT NULL
) ENGINE=InnoDB DEFAULT CHARSET=utf8;

-- --------------------------------------------------------

--
-- Estructura de tabla para la tabla `especieproducto`
--

CREATE TABLE `especieproducto` (
  `idEspecieProducto` int(11) NOT NULL,
  `descripcionEspecie` varchar(45) NOT NULL
) ENGINE=InnoDB DEFAULT CHARSET=utf8;

--
-- Volcado de datos para la tabla `especieproducto`
--

INSERT INTO `especieproducto` (`idEspecieProducto`, `descripcionEspecie`) VALUES
(1, 'Canino'),
(2, 'Felino');

-- --------------------------------------------------------

--
-- Estructura de tabla para la tabla `estado`
--

CREATE TABLE `estado` (
  `idEstado` int(11) NOT NULL,
  `descripcion` varchar(45) NOT NULL
) ENGINE=InnoDB DEFAULT CHARSET=utf8;

-- --------------------------------------------------------

--
-- Estructura de tabla para la tabla `formapago`
--

CREATE TABLE `formapago` (
  `idFormaPago` int(11) NOT NULL,
  `descripcion` varchar(45) NOT NULL
) ENGINE=InnoDB DEFAULT CHARSET=utf8;

-- --------------------------------------------------------

--
-- Estructura de tabla para la tabla `horario`
--

CREATE TABLE `horario` (
  `idhorario` int(11) NOT NULL,
  `diaInicio` varchar(10) NOT NULL,
  `diaFin` varchar(10) NOT NULL,
  `horaInicio` time NOT NULL,
  `horaFin` time NOT NULL
) ENGINE=InnoDB DEFAULT CHARSET=utf8;

-- --------------------------------------------------------

--
-- Estructura de tabla para la tabla `marca`
--

CREATE TABLE `marca` (
  `idMarca` int(11) NOT NULL,
  `descripcionMarca` varchar(45) NOT NULL
) ENGINE=InnoDB DEFAULT CHARSET=utf8;

--
-- Volcado de datos para la tabla `marca`
--

INSERT INTO `marca` (`idMarca`, `descripcionMarca`) VALUES
(1, 'Purina'),
(2, 'Soya');

-- --------------------------------------------------------

--
-- Estructura de tabla para la tabla `mascota`
--

CREATE TABLE `mascota` (
  `idMascota` int(11) NOT NULL,
  `idTipoMascota` int(11) NOT NULL,
  `nombreMascota` varchar(45) NOT NULL,
  `sexo` varchar(15) NOT NULL,
  `idraza` int(11) NOT NULL,
  `peso` double DEFAULT NULL,
  `fechaCumpleanos` date DEFAULT NULL,
  `edad` varchar(20) NOT NULL,
  `observaciones` varchar(45) DEFAULT NULL,
  `estado` tinyint(4) NOT NULL
) ENGINE=InnoDB DEFAULT CHARSET=utf8;

-- --------------------------------------------------------

--
-- Estructura de tabla para la tabla `mision`
--

CREATE TABLE `mision` (
  `idmision` int(11) NOT NULL,
  `descripcion` varchar(200) NOT NULL
) ENGINE=InnoDB DEFAULT CHARSET=utf8;

-- --------------------------------------------------------

--
-- Estructura de tabla para la tabla `preguntaseguridad`
--

CREATE TABLE `preguntaseguridad` (
  `idPreguntaSeguridad` int(11) NOT NULL,
  `pregunta` varchar(80) NOT NULL
) ENGINE=InnoDB DEFAULT CHARSET=utf8;

--
-- Volcado de datos para la tabla `preguntaseguridad`
--

INSERT INTO `preguntaseguridad` (`idPreguntaSeguridad`, `pregunta`) VALUES
(6, '¿Cuál sería tu trabajo ideal?'),
(7, '¿En qué lugar se conocieron tus padres?'),
(8, '¿Cuál era el nombre de tu primer jefe?'),
(9, '¿Cuál es el barrio de tu infancia?'),
(10, '¿Cuál es el nombre de tu primera mascota?'),
(11, 'Código secreto');

-- --------------------------------------------------------

--
-- Estructura de tabla para la tabla `presentacion`
--

CREATE TABLE `presentacion` (
  `idPresentacion` int(11) NOT NULL,
  `descripcionPresentacion` varchar(45) DEFAULT NULL
) ENGINE=InnoDB DEFAULT CHARSET=utf8;

--
-- Volcado de datos para la tabla `presentacion`
--

INSERT INTO `presentacion` (`idPresentacion`, `descripcionPresentacion`) VALUES
(1, 'Caja'),
(2, 'Paquete');

-- --------------------------------------------------------

--
-- Estructura de tabla para la tabla `producto`
--

CREATE TABLE `producto` (
  `idProducto` varchar(45) NOT NULL,
  `nombreProducto` varchar(45) NOT NULL,
  `descripcionProducto` varchar(80) DEFAULT NULL,
  `idCategoria` int(11) NOT NULL,
  `marca` int(11) NOT NULL,
  `idPresentacion` int(11) NOT NULL,
  `valorMedida` double NOT NULL,
  `idUnidadMedida` int(11) NOT NULL,
  `existencia` int(11) NOT NULL,
  `idEspecieProducto` int(11) NOT NULL,
  `indicaciones` varchar(45) DEFAULT NULL,
  `contraindicaciones` varchar(45) DEFAULT NULL,
  `edadAplicacion` varchar(45) DEFAULT NULL,
  `precio` int(11) NOT NULL,
  `fechaRegistro` timestamp NOT NULL DEFAULT current_timestamp() ON UPDATE current_timestamp()
) ENGINE=InnoDB DEFAULT CHARSET=utf8;

--
-- Volcado de datos para la tabla `producto`
--

INSERT INTO `producto` (`idProducto`, `nombreProducto`, `descripcionProducto`, `idCategoria`, `marca`, `idPresentacion`, `valorMedida`, `idUnidadMedida`, `existencia`, `idEspecieProducto`, `indicaciones`, `contraindicaciones`, `edadAplicacion`, `precio`, `fechaRegistro`) VALUES
('2032', 'Perra Arina', 'N/A', 2, 1, 2, 2, 1, 5, 1, '', '', ' ', 5000, '2020-09-11 19:26:56'),
('789', 'Pelota para perro', 'Juguete', 3, 2, 2, 1, 1, 12, 1, NULL, NULL, NULL, 2500, '2020-09-28 20:21:11'),
('9820', 'Concentrado sabor carne y pollo', 'Concentrado para cachorros de sabor a carne y pollo', 2, 1, 2, 20, 1, 30, 1, NULL, NULL, NULL, 18000, '2020-09-24 21:39:46'),
('P2035', 'Croquetas', 'Adulto Carne y Pollo', 2, 2, 2, 5, 1, 3, 1, '', '', ' ', 80000, '2020-09-11 17:50:24');

-- --------------------------------------------------------

--
-- Estructura de tabla para la tabla `proveedor`
--

CREATE TABLE `proveedor` (
  `documento` varchar(45) NOT NULL,
  `idTipoDocumento` int(11) NOT NULL,
  `nombre` varchar(45) NOT NULL,
  `telefono` varchar(45) NOT NULL,
  `celular` varchar(45) DEFAULT NULL,
  `direccion` varchar(45) DEFAULT NULL,
  `correo` varchar(120) NOT NULL,
  `nombreContacto` varchar(45) NOT NULL,
  `diaVisita` varchar(45) DEFAULT NULL,
  `observaciones` varchar(80) DEFAULT NULL,
  `fechaRegistro` timestamp NOT NULL DEFAULT current_timestamp() ON UPDATE current_timestamp()
) ENGINE=InnoDB DEFAULT CHARSET=utf8;

--
-- Volcado de datos para la tabla `proveedor`
--

INSERT INTO `proveedor` (`documento`, `idTipoDocumento`, `nombre`, `telefono`, `celular`, `direccion`, `correo`, `nombreContacto`, `diaVisita`, `observaciones`, `fechaRegistro`) VALUES
('1001661421', 1, 'Soya', '3014215', '301245', 'Crr #80', 'Davix.sevas@gmail.com', 'David Sánchez', 'Martes', 'N/A', '2020-09-11 16:29:23'),
('nj8900', 4, 'Purina S.A', '', '3003456789', '', '', 'Pedro', 'Lunes', 'Proveedor mas barato', '2020-09-28 20:15:37');

-- --------------------------------------------------------

--
-- Estructura de tabla para la tabla `prueba`
--

CREATE TABLE `prueba` (
  `id` int(11) NOT NULL,
  `des` int(11) NOT NULL
) ENGINE=InnoDB DEFAULT CHARSET=utf8;

--
-- Volcado de datos para la tabla `prueba`
--

INSERT INTO `prueba` (`id`, `des`) VALUES
(1, 290),
(2, 290);

-- --------------------------------------------------------

--
-- Estructura de tabla para la tabla `quienessomos`
--

CREATE TABLE `quienessomos` (
  `idquienesSomos` int(11) NOT NULL,
  `descripcion` varchar(200) NOT NULL
) ENGINE=InnoDB DEFAULT CHARSET=utf8;

-- --------------------------------------------------------

--
-- Estructura de tabla para la tabla `raza`
--

CREATE TABLE `raza` (
  `idraza` int(11) NOT NULL,
  `descripcion` varchar(45) NOT NULL
) ENGINE=InnoDB DEFAULT CHARSET=utf8;

-- --------------------------------------------------------

--
-- Estructura de tabla para la tabla `respuesta`
--

CREATE TABLE `respuesta` (
  `idRespuesta` int(11) NOT NULL,
  `idPreguntaSeguridad` int(11) NOT NULL,
  `idUsuario` int(11) NOT NULL,
  `respuesta` varchar(45) NOT NULL
) ENGINE=InnoDB DEFAULT CHARSET=utf8;

--
-- Volcado de datos para la tabla `respuesta`
--

INSERT INTO `respuesta` (`idRespuesta`, `idPreguntaSeguridad`, `idUsuario`, `respuesta`) VALUES
(15, 11, 63, 'admin');

-- --------------------------------------------------------

--
-- Estructura de tabla para la tabla `rol`
--

CREATE TABLE `rol` (
  `idRol` int(11) NOT NULL,
  `descripcion` varchar(45) NOT NULL
) ENGINE=InnoDB DEFAULT CHARSET=utf8;

--
-- Volcado de datos para la tabla `rol`
--

INSERT INTO `rol` (`idRol`, `descripcion`) VALUES
(1, 'Administrador'),
(2, 'Empleado'),
(3, 'Super Administrador'),
(4, 'Otro');

-- --------------------------------------------------------

--
-- Estructura de tabla para la tabla `servicio`
--

CREATE TABLE `servicio` (
  `idServicio` int(11) NOT NULL,
  `nombreServicio` varchar(45) NOT NULL,
  `idTipoServicio` int(11) NOT NULL,
  `descripcion` varchar(80) NOT NULL,
  `recomendacionesPrevias` varchar(80) NOT NULL,
  `recomendacionesPosteriores` varchar(80) NOT NULL,
  `precio` int(11) NOT NULL,
  `estado` tinyint(1) NOT NULL
) ENGINE=InnoDB DEFAULT CHARSET=utf8;

--
-- Volcado de datos para la tabla `servicio`
--

INSERT INTO `servicio` (`idServicio`, `nombreServicio`, `idTipoServicio`, `descripcion`, `recomendacionesPrevias`, `recomendacionesPosteriores`, `precio`, `estado`) VALUES
(2356, 'Combo belleza y baño para perro ¡Promoción!', 2, 'Promoción  Belleza y baño para perro 2x1 promoción hasta el 1 de enero.', 'N/A', 'Si el perro es peludo no bañar el pelo por 5 días, porque se le daña el tratamie', 35000, 1);

-- --------------------------------------------------------

--
-- Estructura de tabla para la tabla `tipodocumento`
--

CREATE TABLE `tipodocumento` (
  `idTipoDocumento` int(11) NOT NULL,
  `descripcion` varchar(45) NOT NULL
) ENGINE=InnoDB DEFAULT CHARSET=utf8;

--
-- Volcado de datos para la tabla `tipodocumento`
--

INSERT INTO `tipodocumento` (`idTipoDocumento`, `descripcion`) VALUES
(1, 'd5'),
(4, 'Niche'),
(20, '1233333333333'),
(21, 'ss');

-- --------------------------------------------------------

--
-- Estructura de tabla para la tabla `tipomascota`
--

CREATE TABLE `tipomascota` (
  `idTipoMascota` int(11) NOT NULL,
  `descripcion` varchar(45) NOT NULL
) ENGINE=InnoDB DEFAULT CHARSET=utf8;

-- --------------------------------------------------------

--
-- Estructura de tabla para la tabla `tiposervicio`
--

CREATE TABLE `tiposervicio` (
  `idTipoServicio` int(11) NOT NULL,
  `descripcionTipoServicio` varchar(45) NOT NULL
) ENGINE=InnoDB DEFAULT CHARSET=utf8;

--
-- Volcado de datos para la tabla `tiposervicio`
--

INSERT INTO `tiposervicio` (`idTipoServicio`, `descripcionTipoServicio`) VALUES
(1, 'Vacunación'),
(2, 'Belleza'),
(3, 'Evis la mejor');

-- --------------------------------------------------------

--
-- Estructura de tabla para la tabla `unidadmedida`
--

CREATE TABLE `unidadmedida` (
  `idUnidadMedida` int(11) NOT NULL,
  `descripcionUnidadmedida` varchar(45) NOT NULL
) ENGINE=InnoDB DEFAULT CHARSET=utf8;

--
-- Volcado de datos para la tabla `unidadmedida`
--

INSERT INTO `unidadmedida` (`idUnidadMedida`, `descripcionUnidadmedida`) VALUES
(1, 'Kilogramo(s)'),
(2, 'Gramo(s)');

-- --------------------------------------------------------

--
-- Estructura de tabla para la tabla `usuario`
--

CREATE TABLE `usuario` (
  `idUsuario` int(11) NOT NULL,
  `nombre` varchar(45) NOT NULL,
  `celular` varchar(45) DEFAULT NULL,
  `nombreUsuario` varchar(45) NOT NULL,
  `contrasena` varchar(45) NOT NULL,
  `idRol` int(11) NOT NULL,
  `fechaRegistro` date NOT NULL DEFAULT current_timestamp(),
  `estado` tinyint(1) NOT NULL,
  `fechahora` timestamp NOT NULL DEFAULT current_timestamp(),
  `logueos` int(11) NOT NULL DEFAULT 0
) ENGINE=InnoDB DEFAULT CHARSET=utf8;

--
-- Volcado de datos para la tabla `usuario`
--

INSERT INTO `usuario` (`idUsuario`, `nombre`, `celular`, `nombreUsuario`, `contrasena`, `idRol`, `fechaRegistro`, `estado`, `fechahora`, `logueos`) VALUES
(63, 'Usuario Genérico', '0000000000', 'admin', '25f9e794323b453885f5181f1b624d0b', 1, '2020-10-18', 1, '2020-10-18 20:41:36', 2);

-- --------------------------------------------------------

--
-- Estructura de tabla para la tabla `venta`
--

CREATE TABLE `venta` (
  `idFactura` int(11) NOT NULL,
  `fecha` datetime NOT NULL,
  `vendedor` int(11) NOT NULL,
  `documentoCliente` varchar(20) NOT NULL,
  `descuentoTotal` int(11) NOT NULL,
  `formaPago` int(11) NOT NULL,
  `nComprobante` varchar(45) DEFAULT NULL
) ENGINE=InnoDB DEFAULT CHARSET=utf8;

-- --------------------------------------------------------

--
-- Estructura de tabla para la tabla `vision`
--

CREATE TABLE `vision` (
  `idvision` int(11) NOT NULL,
  `descripcion` varchar(200) NOT NULL
) ENGINE=InnoDB DEFAULT CHARSET=utf8;

--
-- Índices para tablas volcadas
--

--
-- Indices de la tabla `carrusel`
--
ALTER TABLE `carrusel`
  ADD PRIMARY KEY (`idCarrusel`);

--
-- Indices de la tabla `categoria`
--
ALTER TABLE `categoria`
  ADD PRIMARY KEY (`idCategoria`);

--
-- Indices de la tabla `cita`
--
ALTER TABLE `cita`
  ADD PRIMARY KEY (`idCita`),
  ADD KEY `fk_Cita_Servicio_idx` (`servicio`),
  ADD KEY `fk_Cita_Estado1_idx` (`idEstado`),
  ADD KEY `fk_Cita_DetalleMascotaCliente_idx` (`idDetalleMascotaCliente`);

--
-- Indices de la tabla `ci_sessions`
--
ALTER TABLE `ci_sessions`
  ADD KEY `ci_sessions_timestamp` (`timestamp`);

--
-- Indices de la tabla `cliente`
--
ALTER TABLE `cliente`
  ADD PRIMARY KEY (`documento`),
  ADD KEY `fk_Cliente_TipoDocumento1_idx` (`TipoDocumento`);

--
-- Indices de la tabla `compras`
--
ALTER TABLE `compras`
  ADD PRIMARY KEY (`idCompras`),
  ADD KEY `fk_Compras_Proveedor1_idx` (`documentoProveedor`);

--
-- Indices de la tabla `contacto`
--
ALTER TABLE `contacto`
  ADD PRIMARY KEY (`idContacto`);

--
-- Indices de la tabla `detallecompra`
--
ALTER TABLE `detallecompra`
  ADD PRIMARY KEY (`idDetalleCompra`),
  ADD KEY `fk_DetalleCompra_Compras1_idx` (`idCompra`),
  ADD KEY `fk_DetalleCompra_Producto1_idx` (`idProducto`);

--
-- Indices de la tabla `detallemascotacliente`
--
ALTER TABLE `detallemascotacliente`
  ADD PRIMARY KEY (`idDetalleMascotaCliente`),
  ADD KEY `fk_DetalleMascotaCliente_Mascota1_idx` (`idMascota`),
  ADD KEY `fk_DetalleMascotaCliente_Cliente1_idx` (`documentoCliente`);

--
-- Indices de la tabla `detalleproveedormarca`
--
ALTER TABLE `detalleproveedormarca`
  ADD PRIMARY KEY (`idDetalleProveedorMarca`),
  ADD KEY `fk_DetalleProveedorMarca_Marca1_idx` (`idMarca`),
  ADD KEY `fk_DetalleProveedorMarca_Proveedor1_idx` (`documentoProveedor`);

--
-- Indices de la tabla `detallevacunamascota`
--
ALTER TABLE `detallevacunamascota`
  ADD PRIMARY KEY (`idDetalleVacunaMascota`),
  ADD KEY `fk_DetalleVacunaMascota_Mascota1_idx` (`idMascota`),
  ADD KEY `fk_DetalleVacunaMascota_Producto_idx` (`idVacuna`);

--
-- Indices de la tabla `detalleventaproducto`
--
ALTER TABLE `detalleventaproducto`
  ADD PRIMARY KEY (`idDetalleproductofactura`),
  ADD KEY `Fk_detalleproductofactura_Producto_idx` (`producto`),
  ADD KEY `fk_detalleproductofactura_Factura_idx` (`factura`);

--
-- Indices de la tabla `especieproducto`
--
ALTER TABLE `especieproducto`
  ADD PRIMARY KEY (`idEspecieProducto`);

--
-- Indices de la tabla `estado`
--
ALTER TABLE `estado`
  ADD PRIMARY KEY (`idEstado`);

--
-- Indices de la tabla `formapago`
--
ALTER TABLE `formapago`
  ADD PRIMARY KEY (`idFormaPago`);

--
-- Indices de la tabla `horario`
--
ALTER TABLE `horario`
  ADD PRIMARY KEY (`idhorario`);

--
-- Indices de la tabla `marca`
--
ALTER TABLE `marca`
  ADD PRIMARY KEY (`idMarca`);

--
-- Indices de la tabla `mascota`
--
ALTER TABLE `mascota`
  ADD PRIMARY KEY (`idMascota`),
  ADD KEY `fk_Mascota_Raza1_idx` (`idraza`),
  ADD KEY `fk_Mascota_TipoMascota1_idx` (`idTipoMascota`);

--
-- Indices de la tabla `mision`
--
ALTER TABLE `mision`
  ADD PRIMARY KEY (`idmision`);

--
-- Indices de la tabla `preguntaseguridad`
--
ALTER TABLE `preguntaseguridad`
  ADD PRIMARY KEY (`idPreguntaSeguridad`);

--
-- Indices de la tabla `presentacion`
--
ALTER TABLE `presentacion`
  ADD PRIMARY KEY (`idPresentacion`);

--
-- Indices de la tabla `producto`
--
ALTER TABLE `producto`
  ADD PRIMARY KEY (`idProducto`),
  ADD KEY `fk_Producto_Categoria1_idx` (`idCategoria`),
  ADD KEY `fk_Producto_UnidadMedida1_idx` (`idUnidadMedida`),
  ADD KEY `fk_Producto_Presentacion1_idx` (`idPresentacion`),
  ADD KEY `fk_Producto_Marca_idx` (`marca`),
  ADD KEY `fk_producto_especieproducto1_idx` (`idEspecieProducto`);

--
-- Indices de la tabla `proveedor`
--
ALTER TABLE `proveedor`
  ADD PRIMARY KEY (`documento`),
  ADD KEY `fk_Proveedor_TipoDocumento1_idx` (`idTipoDocumento`);

--
-- Indices de la tabla `prueba`
--
ALTER TABLE `prueba`
  ADD PRIMARY KEY (`id`);

--
-- Indices de la tabla `quienessomos`
--
ALTER TABLE `quienessomos`
  ADD PRIMARY KEY (`idquienesSomos`);

--
-- Indices de la tabla `raza`
--
ALTER TABLE `raza`
  ADD PRIMARY KEY (`idraza`);

--
-- Indices de la tabla `respuesta`
--
ALTER TABLE `respuesta`
  ADD PRIMARY KEY (`idRespuesta`),
  ADD KEY `fk_Respuesta_PreguntaSeguridad1_idx` (`idPreguntaSeguridad`),
  ADD KEY `fk_Respuesta_Usuario1_idx` (`idUsuario`);

--
-- Indices de la tabla `rol`
--
ALTER TABLE `rol`
  ADD PRIMARY KEY (`idRol`);

--
-- Indices de la tabla `servicio`
--
ALTER TABLE `servicio`
  ADD PRIMARY KEY (`idServicio`),
  ADD KEY `fk_Servicio_TipoServicio_idx` (`idTipoServicio`);

--
-- Indices de la tabla `tipodocumento`
--
ALTER TABLE `tipodocumento`
  ADD PRIMARY KEY (`idTipoDocumento`);

--
-- Indices de la tabla `tipomascota`
--
ALTER TABLE `tipomascota`
  ADD PRIMARY KEY (`idTipoMascota`);

--
-- Indices de la tabla `tiposervicio`
--
ALTER TABLE `tiposervicio`
  ADD PRIMARY KEY (`idTipoServicio`);

--
-- Indices de la tabla `unidadmedida`
--
ALTER TABLE `unidadmedida`
  ADD PRIMARY KEY (`idUnidadMedida`);

--
-- Indices de la tabla `usuario`
--
ALTER TABLE `usuario`
  ADD PRIMARY KEY (`idUsuario`),
  ADD UNIQUE KEY `nombreUsuario` (`nombreUsuario`),
  ADD KEY `fk_Usuario_Rol1_idx` (`idRol`);

--
-- Indices de la tabla `venta`
--
ALTER TABLE `venta`
  ADD PRIMARY KEY (`idFactura`),
  ADD KEY `fk_Factura_Vendedor_idx` (`vendedor`),
  ADD KEY `fk_Factura_FormaPago_idx` (`formaPago`),
  ADD KEY `fk_Factura_Cliente1_idx` (`documentoCliente`);

--
-- Indices de la tabla `vision`
--
ALTER TABLE `vision`
  ADD PRIMARY KEY (`idvision`);

--
-- AUTO_INCREMENT de las tablas volcadas
--

--
-- AUTO_INCREMENT de la tabla `carrusel`
--
ALTER TABLE `carrusel`
  MODIFY `idCarrusel` int(11) NOT NULL AUTO_INCREMENT;

--
-- AUTO_INCREMENT de la tabla `categoria`
--
ALTER TABLE `categoria`
  MODIFY `idCategoria` int(11) NOT NULL AUTO_INCREMENT, AUTO_INCREMENT=12;

--
-- AUTO_INCREMENT de la tabla `cita`
--
ALTER TABLE `cita`
  MODIFY `idCita` int(11) NOT NULL AUTO_INCREMENT;

--
-- AUTO_INCREMENT de la tabla `compras`
--
ALTER TABLE `compras`
  MODIFY `idCompras` int(11) NOT NULL AUTO_INCREMENT, AUTO_INCREMENT=473;

--
-- AUTO_INCREMENT de la tabla `contacto`
--
ALTER TABLE `contacto`
  MODIFY `idContacto` int(11) NOT NULL AUTO_INCREMENT;

--
-- AUTO_INCREMENT de la tabla `detallecompra`
--
ALTER TABLE `detallecompra`
  MODIFY `idDetalleCompra` int(11) NOT NULL AUTO_INCREMENT, AUTO_INCREMENT=389;

--
-- AUTO_INCREMENT de la tabla `detallemascotacliente`
--
ALTER TABLE `detallemascotacliente`
  MODIFY `idDetalleMascotaCliente` int(11) NOT NULL AUTO_INCREMENT;

--
-- AUTO_INCREMENT de la tabla `detalleproveedormarca`
--
ALTER TABLE `detalleproveedormarca`
  MODIFY `idDetalleProveedorMarca` int(11) NOT NULL AUTO_INCREMENT;

--
-- AUTO_INCREMENT de la tabla `detallevacunamascota`
--
ALTER TABLE `detallevacunamascota`
  MODIFY `idDetalleVacunaMascota` int(11) NOT NULL AUTO_INCREMENT;

--
-- AUTO_INCREMENT de la tabla `especieproducto`
--
ALTER TABLE `especieproducto`
  MODIFY `idEspecieProducto` int(11) NOT NULL AUTO_INCREMENT, AUTO_INCREMENT=3;

--
-- AUTO_INCREMENT de la tabla `estado`
--
ALTER TABLE `estado`
  MODIFY `idEstado` int(11) NOT NULL AUTO_INCREMENT;

--
-- AUTO_INCREMENT de la tabla `formapago`
--
ALTER TABLE `formapago`
  MODIFY `idFormaPago` int(11) NOT NULL AUTO_INCREMENT;

--
-- AUTO_INCREMENT de la tabla `horario`
--
ALTER TABLE `horario`
  MODIFY `idhorario` int(11) NOT NULL AUTO_INCREMENT;

--
-- AUTO_INCREMENT de la tabla `marca`
--
ALTER TABLE `marca`
  MODIFY `idMarca` int(11) NOT NULL AUTO_INCREMENT, AUTO_INCREMENT=3;

--
-- AUTO_INCREMENT de la tabla `mascota`
--
ALTER TABLE `mascota`
  MODIFY `idMascota` int(11) NOT NULL AUTO_INCREMENT;

--
-- AUTO_INCREMENT de la tabla `mision`
--
ALTER TABLE `mision`
  MODIFY `idmision` int(11) NOT NULL AUTO_INCREMENT;

--
-- AUTO_INCREMENT de la tabla `preguntaseguridad`
--
ALTER TABLE `preguntaseguridad`
  MODIFY `idPreguntaSeguridad` int(11) NOT NULL AUTO_INCREMENT, AUTO_INCREMENT=12;

--
-- AUTO_INCREMENT de la tabla `presentacion`
--
ALTER TABLE `presentacion`
  MODIFY `idPresentacion` int(11) NOT NULL AUTO_INCREMENT, AUTO_INCREMENT=3;

--
-- AUTO_INCREMENT de la tabla `prueba`
--
ALTER TABLE `prueba`
  MODIFY `id` int(11) NOT NULL AUTO_INCREMENT, AUTO_INCREMENT=3;

--
-- AUTO_INCREMENT de la tabla `quienessomos`
--
ALTER TABLE `quienessomos`
  MODIFY `idquienesSomos` int(11) NOT NULL AUTO_INCREMENT;

--
-- AUTO_INCREMENT de la tabla `raza`
--
ALTER TABLE `raza`
  MODIFY `idraza` int(11) NOT NULL AUTO_INCREMENT;

--
-- AUTO_INCREMENT de la tabla `respuesta`
--
ALTER TABLE `respuesta`
  MODIFY `idRespuesta` int(11) NOT NULL AUTO_INCREMENT, AUTO_INCREMENT=16;

--
-- AUTO_INCREMENT de la tabla `rol`
--
ALTER TABLE `rol`
  MODIFY `idRol` int(11) NOT NULL AUTO_INCREMENT, AUTO_INCREMENT=5;

--
-- AUTO_INCREMENT de la tabla `servicio`
--
ALTER TABLE `servicio`
  MODIFY `idServicio` int(11) NOT NULL AUTO_INCREMENT, AUTO_INCREMENT=5216557;

--
-- AUTO_INCREMENT de la tabla `tipodocumento`
--
ALTER TABLE `tipodocumento`
  MODIFY `idTipoDocumento` int(11) NOT NULL AUTO_INCREMENT, AUTO_INCREMENT=28;

--
-- AUTO_INCREMENT de la tabla `tipomascota`
--
ALTER TABLE `tipomascota`
  MODIFY `idTipoMascota` int(11) NOT NULL AUTO_INCREMENT;

--
-- AUTO_INCREMENT de la tabla `tiposervicio`
--
ALTER TABLE `tiposervicio`
  MODIFY `idTipoServicio` int(11) NOT NULL AUTO_INCREMENT, AUTO_INCREMENT=4;

--
-- AUTO_INCREMENT de la tabla `unidadmedida`
--
ALTER TABLE `unidadmedida`
  MODIFY `idUnidadMedida` int(11) NOT NULL AUTO_INCREMENT, AUTO_INCREMENT=3;

--
-- AUTO_INCREMENT de la tabla `usuario`
--
ALTER TABLE `usuario`
  MODIFY `idUsuario` int(11) NOT NULL AUTO_INCREMENT, AUTO_INCREMENT=64;

--
-- AUTO_INCREMENT de la tabla `venta`
--
ALTER TABLE `venta`
  MODIFY `idFactura` int(11) NOT NULL AUTO_INCREMENT;

--
-- AUTO_INCREMENT de la tabla `vision`
--
ALTER TABLE `vision`
  MODIFY `idvision` int(11) NOT NULL AUTO_INCREMENT;

--
-- Restricciones para tablas volcadas
--

--
-- Filtros para la tabla `cita`
--
ALTER TABLE `cita`
  ADD CONSTRAINT `fk_Cita_DetalleMascotaCliente` FOREIGN KEY (`idDetalleMascotaCliente`) REFERENCES `detallemascotacliente` (`idDetalleMascotaCliente`) ON DELETE NO ACTION ON UPDATE CASCADE,
  ADD CONSTRAINT `fk_Cita_Estado` FOREIGN KEY (`idEstado`) REFERENCES `estado` (`idEstado`) ON DELETE NO ACTION ON UPDATE NO ACTION,
  ADD CONSTRAINT `fk_Cita_Servicio` FOREIGN KEY (`servicio`) REFERENCES `servicio` (`idServicio`) ON DELETE NO ACTION ON UPDATE NO ACTION;

--
-- Filtros para la tabla `cliente`
--
ALTER TABLE `cliente`
  ADD CONSTRAINT `fk_Cliente_TipoDocumento1` FOREIGN KEY (`TipoDocumento`) REFERENCES `tipodocumento` (`idTipoDocumento`) ON UPDATE CASCADE;

--
-- Filtros para la tabla `compras`
--
ALTER TABLE `compras`
  ADD CONSTRAINT `fk_Compras_Proveedor1` FOREIGN KEY (`documentoProveedor`) REFERENCES `proveedor` (`documento`) ON UPDATE CASCADE;

--
-- Filtros para la tabla `detallecompra`
--
ALTER TABLE `detallecompra`
  ADD CONSTRAINT `fk_DetalleCompra_Compras1` FOREIGN KEY (`idCompra`) REFERENCES `compras` (`idCompras`) ON DELETE NO ACTION ON UPDATE NO ACTION,
  ADD CONSTRAINT `fk_DetalleCompra_Producto1` FOREIGN KEY (`idProducto`) REFERENCES `producto` (`idProducto`) ON DELETE NO ACTION ON UPDATE NO ACTION;

--
-- Filtros para la tabla `detallemascotacliente`
--
ALTER TABLE `detallemascotacliente`
  ADD CONSTRAINT `fk_DetalleMascotaCliente_Cliente1` FOREIGN KEY (`documentoCliente`) REFERENCES `cliente` (`documento`) ON UPDATE CASCADE,
  ADD CONSTRAINT `fk_DetalleMascotaCliente_Mascota1` FOREIGN KEY (`idMascota`) REFERENCES `mascota` (`idMascota`) ON UPDATE CASCADE;

--
-- Filtros para la tabla `detalleproveedormarca`
--
ALTER TABLE `detalleproveedormarca`
  ADD CONSTRAINT `fk_DetalleProveedorMarca_Marca1` FOREIGN KEY (`idMarca`) REFERENCES `marca` (`idMarca`) ON UPDATE CASCADE,
  ADD CONSTRAINT `fk_DetalleProveedorMarca_Proveedor1` FOREIGN KEY (`documentoProveedor`) REFERENCES `proveedor` (`documento`) ON UPDATE CASCADE;

--
-- Filtros para la tabla `detallevacunamascota`
--
ALTER TABLE `detallevacunamascota`
  ADD CONSTRAINT `fk_DetalleVacunaMascota_Mascota` FOREIGN KEY (`idMascota`) REFERENCES `mascota` (`idMascota`) ON UPDATE CASCADE,
  ADD CONSTRAINT `fk_DetalleVacunaMascota_Producto` FOREIGN KEY (`idVacuna`) REFERENCES `producto` (`idProducto`) ON DELETE NO ACTION ON UPDATE CASCADE;

--
-- Filtros para la tabla `detalleventaproducto`
--
ALTER TABLE `detalleventaproducto`
  ADD CONSTRAINT `Fk_detalleproductofactura_Producto` FOREIGN KEY (`producto`) REFERENCES `producto` (`idProducto`) ON DELETE NO ACTION ON UPDATE CASCADE,
  ADD CONSTRAINT `fk_detalleproductofactura_Factura` FOREIGN KEY (`factura`) REFERENCES `venta` (`idFactura`) ON UPDATE CASCADE;

--
-- Filtros para la tabla `mascota`
--
ALTER TABLE `mascota`
  ADD CONSTRAINT `fk_Mascota_Raza` FOREIGN KEY (`idraza`) REFERENCES `raza` (`idraza`) ON UPDATE CASCADE,
  ADD CONSTRAINT `fk_Mascota_TipoMascota` FOREIGN KEY (`idTipoMascota`) REFERENCES `tipomascota` (`idTipoMascota`) ON UPDATE CASCADE;

--
-- Filtros para la tabla `producto`
--
ALTER TABLE `producto`
  ADD CONSTRAINT `fk_Producto_Categoria` FOREIGN KEY (`idCategoria`) REFERENCES `categoria` (`idCategoria`) ON UPDATE CASCADE,
  ADD CONSTRAINT `fk_Producto_Marca` FOREIGN KEY (`marca`) REFERENCES `marca` (`idMarca`) ON UPDATE CASCADE,
  ADD CONSTRAINT `fk_Producto_Presentacion` FOREIGN KEY (`idPresentacion`) REFERENCES `presentacion` (`idPresentacion`) ON UPDATE CASCADE,
  ADD CONSTRAINT `fk_Producto_UnidadMedida1` FOREIGN KEY (`idUnidadMedida`) REFERENCES `unidadmedida` (`idUnidadMedida`) ON UPDATE CASCADE,
  ADD CONSTRAINT `fk_producto_especieproducto1` FOREIGN KEY (`idEspecieProducto`) REFERENCES `especieproducto` (`idEspecieProducto`) ON UPDATE CASCADE;

--
-- Filtros para la tabla `proveedor`
--
ALTER TABLE `proveedor`
  ADD CONSTRAINT `fk_Proveedor_TipoDocumento1` FOREIGN KEY (`idTipoDocumento`) REFERENCES `tipodocumento` (`idTipoDocumento`) ON UPDATE CASCADE;

--
-- Filtros para la tabla `respuesta`
--
ALTER TABLE `respuesta`
  ADD CONSTRAINT `fk_Respuesta_PreguntaSeguridad1` FOREIGN KEY (`idPreguntaSeguridad`) REFERENCES `preguntaseguridad` (`idPreguntaSeguridad`) ON UPDATE CASCADE,
  ADD CONSTRAINT `fk_Respuesta_Usuario1` FOREIGN KEY (`idUsuario`) REFERENCES `usuario` (`idUsuario`) ON UPDATE CASCADE;

--
-- Filtros para la tabla `servicio`
--
ALTER TABLE `servicio`
  ADD CONSTRAINT `fk_Servicio_TipoServicio` FOREIGN KEY (`idTipoServicio`) REFERENCES `tiposervicio` (`idTipoServicio`) ON UPDATE CASCADE;

--
-- Filtros para la tabla `usuario`
--
ALTER TABLE `usuario`
  ADD CONSTRAINT `fk_Usuario_Rol` FOREIGN KEY (`idRol`) REFERENCES `rol` (`idRol`) ON UPDATE CASCADE;

--
-- Filtros para la tabla `venta`
--
ALTER TABLE `venta`
  ADD CONSTRAINT `fk_Factura_Cliente` FOREIGN KEY (`documentoCliente`) REFERENCES `cliente` (`documento`) ON UPDATE CASCADE,
  ADD CONSTRAINT `fk_Factura_FormaPago` FOREIGN KEY (`formaPago`) REFERENCES `formapago` (`idFormaPago`) ON UPDATE CASCADE,
  ADD CONSTRAINT `fk_Factura_Vendedor` FOREIGN KEY (`vendedor`) REFERENCES `usuario` (`idUsuario`) ON UPDATE CASCADE;
COMMIT;

/*!40101 SET CHARACTER_SET_CLIENT=@OLD_CHARACTER_SET_CLIENT */;
/*!40101 SET CHARACTER_SET_RESULTS=@OLD_CHARACTER_SET_RESULTS */;
/*!40101 SET COLLATION_CONNECTION=@OLD_COLLATION_CONNECTION */;
